insert into restaurant values ( 'ynTjh_FdhbG5hY69HsEoaA' , 'Cascade Restaurant' , 189 ); 
insert into restaurant values ( 'jx91IMdGOmLOo8h_F9z39g' , 'Clearys Restaurant & Spirits' , 116 ); 
insert into restaurant values ( 'z-0oY7VxQMQw3JHvdPejrA' , 'Olmecas Mexican Restaurant' , 160 ); 
insert into restaurant values ( 'Mf9io8WkMyGautXuSSfGTg' , 'Los Potrillos Mexican Restaurant & Bar' , 144 ); 
insert into restaurant values ( '_8Hejg5Q-_izIhLvq2ocnw' , 'Sanchos Authentic Mexican Restaurant' , 131 ); 
insert into restaurant values ( 'TbZDLpBOl-EbO2LfMySrEg' , 'First China Restaurant' , 199 ); 
insert into restaurant values ( '9C2lhZ4qRH5H2zMjmto1ng' , 'The Primavera Restaurant' , 137 ); 
insert into restaurant values ( 'FfMD15rgA4gHG9beoEkZ8Q' , 'Buka Restaurant and Lounge' , 172 ); 
insert into restaurant values ( 'zYMjNc-Q7-T238SHylKgKA' , 'Chinatown Restaurant & Lucky Bistro' , 132 ); 
insert into restaurant values ( '7ee6XyKyeduI-Rbc6L5j2Q' , 'NingTu Restaurant' , 134 ); 
insert into restaurant values ( 'FJ-r3hOMbcq0p7Z5yH9oew' , 'Olive Garden Italian Restaurant' , 189 ); 
insert into restaurant values ( 'AaNj_9KNy9t1H1cu1NCNLQ' , 'Mumbai Masala Restaurant' , 188 ); 
insert into restaurant values ( 'wVlxPWwFL-MrzCXim-UfWg' , 'Bambolina Restaurant' , 175 ); 
insert into restaurant values ( 'RzpmK85n8n8RE4Th8GFAog' , 'Obosá Restaurant' , 105 ); 
insert into restaurant values ( 'w4h0Bq9-CTznhi5tudupaw' , 'Imbibe Restaurant & Lounge' , 128 ); 
insert into restaurant values ( 'q5VXVDhIeFlfofTn_PKxCQ' , 'El Zócalo Mexican Restaurant' , 150 ); 
insert into restaurant values ( 'HOQw78QIGe3shVx5rMpiCw' , 'Mexitas Mexican Restaurant' , 193 ); 
insert into restaurant values ( 'A-xLw4u4wYusT1A2N-1Vxw' , 'Zoes Chinese Restaurant' , 119 ); 
insert into restaurant values ( 'ryXq_-3CVN343v5t0w6PaQ' , 'Marie Callenders Restaurant' , 200 ); 
insert into restaurant values ( 'r8pjKaza0jJLF9g0aeFVYA' , 'Tortilleria Poblanos Mexican Restaurant' , 129 ); 
insert into restaurant values ( 'dd3moZV5D516pE9TcQnHsA' , 'Joyful Seafood Restaurant' , 135 ); 
insert into restaurant values ( 'jVEZVYCGGUgeTcA_aPG8fQ' , 'Bauhaus Restaurant' , 109 ); 
insert into restaurant values ( 'OFwU816bVkCB7jMXbn1T_w' , 'CBC Restaurant' , 187 ); 
insert into restaurant values ( 'rDLPdfI6TOsQlTf6AQaCTA' , 'Akari Japanese Restaurant' , 128 ); 
insert into restaurant values ( 'NQOTxi8C7pOSdgHcL1bT1g' , 'Oliveiras Restaurant' , 191 ); 
insert into restaurant values ( '3JrdnGYWUzUzepplmi7HlA' , 'Sweet Mamas Restaurant' , 114 ); 
insert into restaurant values ( 'MASEgGo5kk8AKnMP4s5MRg' , 'New Taj Mahal Indian Restaurant' , 188 ); 
insert into restaurant values ( 'yfRiuIjdcbUPWDnBHAY02A' , 'Fortune Restaurant' , 126 ); 
insert into restaurant values ( 'QsSq4K2eIJJ2un0uCPMDOQ' , 'Thai Orchid Restaurant' , 120 ); 
insert into restaurant values ( 'DM_Ge3Feh-4xnIrHIDg4uw' , 'The Bistro Restaurant and Bar' , 170 ); 
insert into restaurant values ( 'AiqkdXibOyg-u2VZNfJRUQ' , 'Mangos Caribbean Restaurant' , 128 ); 
insert into restaurant values ( 'ksh-iVeFaRJ65uwY7Kk9QA' , 'Island Fuzion Restaurant' , 190 ); 
insert into restaurant values ( 'ZHbiidBB8LVmh_hQQbRjig' , 'Thai Son Restaurant' , 104 ); 
insert into restaurant values ( 'mKgqjVBcEJD3JwEx1k27jQ' , 'Navraj Sweets & Restaurant' , 111 ); 
insert into restaurant values ( 'qoe_JAUbIpSnJDx3eLL57g' , 'Lady T Kitchen African Restaurant' , 182 ); 
insert into restaurant values ( 'EGsftsHMWmKF3mc2UQoQug' , 'Wah Wing Restaurant' , 144 ); 
insert into restaurant values ( 'seMaQ-_ZxBHzOdAHaiogMA' , 'Riverview Restaurant' , 130 ); 
insert into restaurant values ( '_cxOC-jzriK2zcQj2QxBcw' , 'Embilta Café & Restaurant Ethiopian Cuisine' , 157 ); 
insert into restaurant values ( 'mQH9GkuKJCh8VCe5acMtUw' , 'Angelinas Italian Family Restaurant' , 113 ); 
insert into restaurant values ( '2T5i_nNQVIMNuCzm7qtVxw' , 'Nyamminz & Jamminz Jamaican Restaurant' , 109 ); 
insert into restaurant values ( 'LptUcswBlIpNZ91f6pLITA' , 'Shi Chi Japanese Restaurant' , 124 ); 
insert into restaurant values ( 'WPrY9K874pABkAqSxO17nw' , 'Showcase Restaurant & Bar' , 115 ); 
insert into restaurant values ( 'wLHLYa0DmjARl7tE2GSZdw' , 'Great Taste Chinese Restaurant' , 130 ); 
insert into restaurant values ( 'y-Sq3xsXXjugqHgmP2IMzA' , 'Hongs Restaurant Equipment & Supplies' , 107 ); 
insert into restaurant values ( 'sNDfYZP9OYypywbi33aSxw' , 'Top Shanghai Cuisine Restaurant' , 129 ); 
insert into restaurant values ( 'nC7jjDPdHwtinKSXpOHpNw' , 'Blue Smoke Restaurant' , 188 ); 
insert into restaurant values ( 'NE7h2eCXPy36xpSTUUQkHg' , 'Harrys 240 Restaurant' , 184 ); 
insert into restaurant values ( 'k9pj2T4P1JXer35L6GwkGg' , 'Lees Garden Chinese Restaurant' , 127 ); 
insert into restaurant values ( 'Oj5Seggqo_2FfKSjcAg7yw' , 'Empire Asian Restaurant & Lounge' , 147 ); 
insert into restaurant values ( 'i4pp2IZZMaDpvExOVEcwlg' , 'Bodhi Choi Heung Vegetarian Restaurant' , 192 ); 
insert into restaurant values ( 'yNSC_jiaEfMAZBeLU77G4Q' , 'Steveston Village Vietnamese Restaurant' , 101 ); 
insert into restaurant values ( 'ZwZRd0vUKdHM_wK0SyQOYA' , 'Oyes Restaurant & Bar' , 157 ); 
insert into restaurant values ( 'uyvvzHJ9tlXZ-DEbCJ81Zg' , 'Wings Restaurant' , 145 ); 
insert into restaurant values ( 'qXJZPNdrpTCnVit3Ks0uuQ' , 'Restaurant Equippers' , 132 ); 
insert into restaurant values ( 'g1A8_6azF0k-tG54s3PfKw' , 'Tornado Restaurant and Lounge' , 178 ); 
insert into restaurant values ( 'hHoEzwQZgRmH62rTwzBrLw' , 'El Ranchito Mexican Restaurant' , 123 ); 
insert into restaurant values ( '3XrqDZs5Ay-AxFXw1RpUPg' , 'The Trap Restaurant' , 112 ); 
insert into restaurant values ( 'beT8jsLKj0RTCu2D7mjWdg' , 'Pitchfork Restaurant' , 163 ); 
insert into restaurant values ( 'LrE5Rqg4pBRwgDfk3toOAw' , 'Numero Uno Restaurant' , 200 ); 
insert into restaurant values ( 'eXCJpiJkC9nocc-KW9H0lA' , 'Viet Flavour Restaurant' , 174 ); 
insert into restaurant values ( 'DYX8d1r4PwAVdRmP2BP9zQ' , 'Thai Restaurant of Sandy Springs' , 120 ); 
insert into restaurant values ( '9pA2xi24tlBIaQgbMtxrYg' , 'Bertuccis Italian Restaurant' , 154 ); 
insert into restaurant values ( '5fnNo4rDu5lD_5HCPdXgAQ' , 'Mughal Garden Restaurant' , 141 ); 
insert into restaurant values ( 'yigIhEu7Qd2rnQgpeAbI1A' , 'Golden Light Restaurant' , 101 ); 
insert into restaurant values ( 'hIlZJbyv5JsFyeylwoZFiA' , 'The Sultan Restaurant' , 145 ); 
insert into restaurant values ( 'phyi-Lwos0Wm-xTpI3CN-Q' , 'Travellers Jamaican Jerk Restaurant' , 141 ); 
insert into restaurant values ( '3daMYz7sP4-sokC46h8Nqw' , 'Buca di Beppo Italian Restaurant' , 136 ); 
insert into restaurant values ( 'ktwp1VJiZkoS7tEAfPEc3A' , 'La Perle Caribbean Restaurant' , 147 ); 
insert into restaurant values ( 'zsregYBAjaLi4jpsu24D7g' , 'Pasta Vino Italian Restaurant & Pizzeria' , 185 ); 
insert into restaurant values ( 'jkEG9ZbTCq_qvrjBcBnSVw' , 'Habesha Ethiopian Restaurant' , 137 ); 
insert into restaurant values ( 'P2oqV71cwsi-GqFnxEKJqg' , 'Costelos Restaurant' , 186 ); 
insert into restaurant values ( '1bfXQtaVRuwsuFzG64xjYw' , 'Xenia Taverna Restaurant' , 118 ); 
insert into restaurant values ( 'mcR7aiqw9W3dFlHF6kzAnw' , 'Foos Ho Ho Restaurant' , 190 ); 
insert into restaurant values ( 'cHEfFcmVE9SU3i4mzfwaYw' , 'EBO Restaurant' , 141 ); 
insert into restaurant values ( 'mcR7aiqw9W3dFlHF6kzAnw' , 'Foos Ho Ho Restaurant' , 105 ); 
insert into restaurant values ( '4r9MmXSPs7yDOWxf9mTOZA' , 'Exodus Bagels' , 103 ); 
insert into restaurant values ( 'cHEfFcmVE9SU3i4mzfwaYw' , 'EBO Restaurant' , 196 ); 
insert into restaurant values ( 'mcR7aiqw9W3dFlHF6kzAnw' , 'Foos Ho Ho Restaurant' , 127 ); 
insert into restaurant values ( '1G6ItSVKRj1ipHM6lQB2mw' , 'Ca Dao Vietnamese Restaurant' , 197 ); 
insert into restaurant values ( 'NNtAEHBz5DKYmc4m6guhNQ' , 'Al Haldmain Restaurant' , 183 ); 
insert into restaurant values ( 'SrfGTXkBIt-KOXBAiOB-lg' , 'El Vaquero Mexican Restaurant' , 151 ); 
insert into restaurant values ( 't8UxhlFeHfLpD3Gz8Hh-3Q' , 'El Buzo Restaurant' , 139 ); 
insert into restaurant values ( 'IJ0ZAJkYSVXv2lEK7tbZyg' , 'La Morenita Restaurant' , 184 ); 
insert into restaurant values ( 'Wa9rpEPpWkEZWkeHbMs-hg' , 'Rolandos Cuban Restaurant' , 149 ); 
insert into restaurant values ( 'trO1LOYVscfLy_7e1seVUA' , 'O Sushi Restaurant & Bar' , 165 ); 
insert into restaurant values ( '6p3Vhur5Y74Ur65Z_kaDCw' , 'Golden Sea City Restaurant' , 106 ); 
insert into restaurant values ( '677Xmx4rU6QInYBSoomOgQ' , 'Captains Cove Restaurant' , 162 ); 
insert into restaurant values ( 'OUzfOoeRg_OY4MChz7VguA' , 'Five Sails Restaurant' , 112 ); 
insert into restaurant values ( '90XZXjKo4ol0BqyOBQoJ8g' , 'Floata Seafood Restaurant' , 111 ); 
insert into restaurant values ( 'PySoEDAeoksJcVCJi8Sjzg' , 'El Patron Mexican Restaurant & Cantina' , 113 ); 
insert into restaurant values ( 'CAaFxIswcY2IYpk3pVk3TQ' , 'Sui Sha Ya Japanese Restaurant' , 182 ); 
insert into restaurant values ( 'R8fLQ6TLz06MQR69KQJ83g' , 'Beaches Restaurant & Bar' , 165 ); 
insert into restaurant values ( '1CHPSnEh4axD10HCqe8k-A' , 'Fa Fa Gourmet Chinese Restaurant' , 190 ); 
insert into restaurant values ( 'AUi0btdCgk5izXYfKeWxSA' , 'Brothers Deli & Restaurant' , 103 ); 
insert into restaurant values ( 'JVrYckDkbHXYK7RYyShDwA' , 'Pot & Pan Restaurant' , 135 ); 
insert into restaurant values ( 'S2RKI9wDmI4Y5KOM1fgRzQ' , 'River Grille Restaurant & Cafe' , 108 ); 
insert into restaurant values ( 'CcKKrDq-HdOAhDHAEDjRIQ' , 'La Feria Mexican Restaurant' , 115 ); 
insert into restaurant values ( 'wfOm2Km25UvJabTk-Zmf2w' , 'China Gate Chinese Restaurant' , 179 ); 
insert into restaurant values ( 'vEK16RsDLiMJrw9MXH5K-Q' , 'China Bell Asian Restaurant' , 163 ); 
insert into restaurant values ( '4vTcNB_WWe1pDbh7mFy_Vw' , 'AA Plus Restaurant' , 148 ); 
insert into restaurant values ( 'vEK16RsDLiMJrw9MXH5K-Q' , 'China Bell Asian Restaurant' , 110 ); 
insert into restaurant values ( 'CDBEbIkhk7nA9XNDgWhXog' , 'Casa Lupita Restaurant' , 186 ); 
insert into restaurant values ( 'ATSt2J8_6SsLf8RufBn0Yw' , 'The Good Life BAR BAR' , 146 ); 
insert into restaurant values ( 'O0KZvdZkoQ-m5YBRdWjD6Q' , 'BLISS NAIL BAR OF AUSTIN' , 147 ); 
insert into restaurant values ( 'CinEIeyX2edUlqDmL-hxuA' , 'Pyramids Lounge BAR' , 105 ); 
insert into restaurant values ( 'r60q_FjIRkZjeEGUjIqOlA' , 'PIZZA BOY USA' , 155 ); 
insert into restaurant values ( 'r9HU6kTQLWp5J9WI-e62QQ' , 'BAR létranger' , 199 ); 
insert into restaurant values ( 'ipDXqgUMDzW_0Dn6-IkJ9g' , 'M8 BISTRO & BAR' , 102 ); 








insert into address values (  'Hyatt Regency Grand Cypress, 1 Grand Cypress Blvd' , 'Orlando' , 'FL' , 32836 ); 
insert into address values (  '12429 NE Glisan St' , 'Portland' , 'OR' , 97230 ); 
insert into address values (  '2121 E Oltorf St' , 'Austin' , 'TX' , 78741 ); 
insert into address values (  '10722 NW Lakeshore Ave' , 'Vancouver' , 'WA' , 98685 ); 
insert into address values (  '6545 Gunpark Dr, Ste 280' , 'Boulder' , 'CO' , 80301 ); 
insert into address values (  '5295 Buford Hwy NE' , 'Atlanta' , 'GA' , 30340 ); 
insert into address values (  '289 Walk Hill St' , 'Roslindale' , 'MA' , 02131 ); 
insert into address values (  '5475 Memorial Dr' , 'Stone Mountain' , 'GA' , 30083 ); 
insert into address values (  '14455 SW Pacific Hwy' , 'Tigard' , 'OR' , 97224 ); 
insert into address values (  '2130 Kingsway' , 'Vancouver' , 'BC' , 99112 ); 
insert into address values (  '1604 W Osceola Pkwy' , 'Kissimmee' , 'FL' , 34741 ); 
insert into address values (  '333 Brooksbank Avenue, Unit 770' , 'North Vancouver' , 'BC' , 99112 ); 
insert into address values (  '288 Derby St' , 'Salem' , 'MA' , 01970 ); 
insert into address values (  '146 Belgrade Ave' , 'Roslindale' , 'MA' , 02131 ); 
insert into address values (  '2229 SE Hawthorne Blvd' , 'Portland' , 'OR' , 97214 ); 
insert into address values (  '406 S Sanford Ave' , 'Sanford' , 'FL' , 32771 ); 
insert into address values (  '1107 N I H 35' , 'Austin' , 'TX' , 78702 ); 
insert into address values (  '296 Beacon St' , 'Somerville' , 'MA' , 02143 ); 
insert into address values (  '5601 Brodie Lane' , 'Sunset Valley' , 'TX' , 78745 ); 
insert into address values (  '1160 East Vine St' , 'Kissimmee' , 'FL' , 34744 ); 
insert into address values (  '5665 Kingsway' , 'Burnaby' , 'BC' , 23421 ); 
insert into address values (  '1st W Cordova Street' , 'Vancouver' , 'BC' , 65433 ); 
insert into address values (  '525 Short St' , 'Columbus' , 'OH' , 43215 ); 
insert into address values (  '7261 120 Street' , 'Delta' , 'BC' , 65433 ); 
insert into address values (  '150 Main St' , 'Peabody' , 'MA' , 01960 ); 
insert into address values (  '10743 Narcoossee Rd, Ste A3' , 'Orlando' , 'FL' , 32832 ); 
insert into address values (  '2361 N High St' , 'Columbus' , 'OH' , 43202 ); 
insert into address values (  '650 41st Avenue W' , 'Vancouver' , 'BC' , 65444 ); 
insert into address values (  '1143 Austin Avenue' , 'Coquitlam' , 'BC' , 43213 ); 
insert into address values (  '730 N Magnolia Ave' , 'Orlando' , 'FL' , 32803 ); 
insert into address values (  '806 Ralph David Abernathy Blvd' , 'Atlanta' , 'GA' , 30310 ); 
insert into address values (  '1575 Maguire Rd' , 'Ocoee' , 'FL' , 34761 ); 
insert into address values (  '373 E Broadway' , 'Vancouver' , 'BC' , 12345 ); 
insert into address values (  '8148 128 Street, Unit 386' , 'Surrey' , 'BC' , 54321 ); 
insert into address values (  '15608 Spring Hill Ln, Ste 102' , 'Pflugerville' , 'TX' , 78660 ); 
insert into address values (  '207-2748 Lougheed Highway' , 'Port Coquitlam' , 'BC' , 54321 ); 
insert into address values (  '263 Nashua Rd' , 'Billerica' , 'MA' , 01821 ); 
insert into address values (  '2100 Cheshire Bridge Rd, Ste A' , 'Atlanta' , 'GA' , 30324 ); 
insert into address values (  '19 Blake Blvd' , 'Celebration' , 'FL' , 34747 ); 
insert into address values (  '1083 Euclid Ave Ne' , 'Atlanta' , 'GA' , 30307 ); 
insert into address values (  '6377 Sawmill Rd' , 'Dublin' , 'OH' , 43017 ); 
insert into address values (  '1122 West Hastings Street' , 'Vancouver' , 'BC' , 12345 ); 
insert into address values (  '8101 NE Parkway Dr, Ste E4' , 'Vancouver' , 'WA' , 98662 ); 
insert into address values (  '8303 SE Insley St' , 'Portland' , 'OR' , 97266 ); 
insert into address values (  '120-8100 Ackroyd Road' , 'Richmond' , 'BC' , 12345 ); 
insert into address values (  '1132 Blue Hill Ave' , 'Dorchester' , 'MA' , 02124 ); 
insert into address values (  '240 Rantoul St' , 'Beverly' , 'MA' , 01915 ); 
insert into address values (  '18330 SE Division St' , 'Gresham' , 'OR' , 97030 ); 
insert into address values (  '1 Marina Park Dr' , 'Boston' , 'MA' , 02210 ); 
insert into address values (  '3932 Fraser Street' , 'Vancouver' , 'BC' , 65432 ); 
insert into address values (  '120-12480 No 1 Road' , 'Richmond' , 'BC' , 98764 ); 
insert into address values (  '44 Broadway' , 'Saugus' , 'MA' , 01906 ); 
insert into address values (  '2801 E Main St' , 'Columbus' , 'OH' , 43209 ); 
insert into address values (  '635 W Broad St' , 'Columbus' , 'OH' , 43215 ); 
insert into address values (  '2 Florence St' , 'Malden' , 'MA' , 02148 ); 
insert into address values (  '329 2nd St' , 'Lake Oswego' , 'OR' , 97034 ); 
insert into address values (  '3805 SE 52nd Ave' , 'Portland' , 'OR' , 97206 ); 
insert into address values (  '1941 Cornwall Avenue' , 'Vancouver' , 'BC' , 97206 ); 
insert into address values (  '2499 S Orange Ave' , 'Orlando' , 'FL' , 32806 ); 
insert into address values (  '1822 W Broadway' , 'Vancouver' , 'BC' , 97206 ); 
insert into address values (  '5975 Roswell Rd NE, Ste 233D' , 'Atlanta' , 'GA' , 30328 ); 
insert into address values (  '90 Derby St' , 'Hingham' , 'MA' , 02043 ); 
insert into address values (  '12827 76 Ave' , 'Surrey' , 'BC' , 97206 ); 
insert into address values (  '24 College Ave' , 'Somerville' , 'MA' , 02144 ); 
insert into address values (  '1765 Brice Rd' , 'Reynoldsburg' , 'OH' , 43068 ); 
insert into address values (  '1737 Columbia Dr' , 'Decatur' , 'GA' , 30032 ); 
insert into address values (  '343 N Front St' , 'Columbus' , 'OH' , 43215 ); 
insert into address values (  '41 Bow St' , 'Everett' , 'MA' , 02149 ); 
insert into address values (  '2400 S Hwy 27' , 'Clermont' , 'FL' , 34711 ); 
insert into address values (  '535 Main St' , 'Malden' , 'MA' , 02148 ); 
insert into address values (  '6140 Cleveland Ave' , 'Columbus' , 'OH' , 43231 ); 
insert into address values (  '2120 Austin Avenue' , 'Coquitlam' , 'BC' , 97206 ); 
insert into address values (  '102 E Pender Street' , 'Vancouver' , 'BC' , 97206 ); 
insert into address values (  '4331 Dominion Street' , 'Burnaby' , 'BC' , 97206 ); 
insert into address values (  '102 E Pender Street' , 'Vancouver' , 'BC' , 97206 ); 
insert into address values (  '2 McCraw St' , 'Roslindale' , 'MA' , 02131 ); 
insert into address values (  '4331 Dominion Street' , 'Burnaby' , 'BC' , 97206 ); 
insert into address values (  '102 E Pender Street' , 'Vancouver' , 'BC' , 23444 ); 
insert into address values (  '4646 Buford Hwy' , 'Atlanta' , 'GA' , 30341 ); 
insert into address values (  '1065 Granville Street' , 'Vancouver' , 'BC' , 23444 ); 
insert into address values (  '2195 Riverside Dr' , 'Columbus' , 'OH' , 43221 ); 
insert into address values (  '1436 State Rd 436, Ste 1024' , 'Casselberry' , 'FL' , 32707 ); 
insert into address values (  '2944 E 12th St' , 'Austin' , 'TX' , 78702 ); 
insert into address values (  '870 State Rd 436' , 'Casselberry' , 'FL' , 32707 ); 
insert into address values (  '1 Eliot St' , 'Cambridge' , 'MA' , 02138 ); 
insert into address values (  '8360 Granville Avenue, Suite 145' , 'Richmond' , 'BC' , 23444 ); 
insert into address values (  '4380 Carraway Pl' , 'Sanford' , 'FL' , 32771 ); 
insert into address values (  '401-999 Canada Place' , 'Vancouver' , 'BC' , 23444 ); 
insert into address values (  '180 Keefer Street' , 'Vancouver' , 'BC' , 23444 ); 
insert into address values (  '12167 S Apopka Vineland Rd' , 'Orlando' , 'FL' , 32836 ); 
insert into address values (  '4820 Kingsway' , 'Burnaby' , 'BC' , 23444 ); 
insert into address values (  '1919 SE Columbia River Dr' , 'Vancouver' , 'WA' , 98661 ); 
insert into address values (  '11712 NE 4th Plain Rd' , 'Vancouver' , 'WA' , 98682 ); 
insert into address values (  '283 Derby St' , 'Salem' , 'MA' , 01970 ); 
insert into address values (  '1865 Piedmont Ave NE' , 'Atlanta' , 'GA' , 30324 ); 
insert into address values (  '1263 River St' , 'Hyde Park' , 'MA' , 02136 ); 
insert into address values (  '6301 W Parmer Ln, A' , 'Austin' , 'TX' , 78729 ); 
insert into address values (  '1062 Montgomery Rd' , 'Altamonte Springs' , 'FL' , 32714 ); 
insert into address values (  '4382 W Vine St' , 'Kissimmee' , 'FL' , 34746 ); 
insert into address values (  '5207 Victoria Drive' , 'Vancouver' , 'BC' , 23444 ); 
insert into address values (  '4382 W Vine St' , 'Kissimmee' , 'FL' , 34746 ); 
insert into address values (  '160 W Lake Mary Blvd' , 'Sanford' , 'FL' , 32773 ); 
insert into address values (  '201 E 5th St, Ste 100B' , 'Austin' , 'TX' , 78701 ); 
insert into address values (  '7710 N Fm 620, Ste 740' , 'Austin' , 'TX' , 78726 ); 
insert into address values (  '2787 Main St' , 'Atlanta' , 'GA' , 30344 ); 
insert into address values (  '55 American Legion Hwy' , 'Revere' , 'MA' , 02150 ); 
insert into address values (  '132 E 5th Ave' , 'Columbus' , 'OH' , 43201 ); 
insert into address values (  '1010 Beach Ave, Suite 3' , 'Vancouver' , 'BC' , 23444 ); 








insert into restaurant_address values ( 'ynTjh_FdhbG5hY69HsEoaA' , 'Hyatt Regency Grand Cypress, 1 Grand Cypress Blvd' , 'Orlando' ); 
insert into restaurant_address values ( 'jx91IMdGOmLOo8h_F9z39g' , '12429 NE Glisan St' , 'Portland' ); 
insert into restaurant_address values ( 'z-0oY7VxQMQw3JHvdPejrA' , '2121 E Oltorf St' , 'Austin' ); 
insert into restaurant_address values ( 'Mf9io8WkMyGautXuSSfGTg' , '10722 NW Lakeshore Ave' , 'Vancouver' ); 
insert into restaurant_address values ( '_8Hejg5Q-_izIhLvq2ocnw' , '6545 Gunpark Dr, Ste 280' , 'Boulder' ); 
insert into restaurant_address values ( 'TbZDLpBOl-EbO2LfMySrEg' , '5295 Buford Hwy NE' , 'Atlanta' ); 
insert into restaurant_address values ( '9C2lhZ4qRH5H2zMjmto1ng' , '289 Walk Hill St' , 'Roslindale' ); 
insert into restaurant_address values ( 'FfMD15rgA4gHG9beoEkZ8Q' , '5475 Memorial Dr' , 'Stone Mountain' ); 
insert into restaurant_address values ( 'zYMjNc-Q7-T238SHylKgKA' , '14455 SW Pacific Hwy' , 'Tigard' ); 
insert into restaurant_address values ( '7ee6XyKyeduI-Rbc6L5j2Q' , '2130 Kingsway' , 'Vancouver' ); 
insert into restaurant_address values ( 'FJ-r3hOMbcq0p7Z5yH9oew' , '1604 W Osceola Pkwy' , 'Kissimmee' ); 
insert into restaurant_address values ( 'AaNj_9KNy9t1H1cu1NCNLQ' , '333 Brooksbank Avenue, Unit 770' , 'North Vancouver' ); 
insert into restaurant_address values ( 'wVlxPWwFL-MrzCXim-UfWg' , '288 Derby St' , 'Salem' ); 
insert into restaurant_address values ( 'RzpmK85n8n8RE4Th8GFAog' , '146 Belgrade Ave' , 'Roslindale' ); 
insert into restaurant_address values ( 'w4h0Bq9-CTznhi5tudupaw' , '2229 SE Hawthorne Blvd' , 'Portland' ); 
insert into restaurant_address values ( 'q5VXVDhIeFlfofTn_PKxCQ' , '406 S Sanford Ave' , 'Sanford' ); 
insert into restaurant_address values ( 'HOQw78QIGe3shVx5rMpiCw' , '1107 N I H 35' , 'Austin' ); 
insert into restaurant_address values ( 'A-xLw4u4wYusT1A2N-1Vxw' , '296 Beacon St' , 'Somerville' ); 
insert into restaurant_address values ( 'ryXq_-3CVN343v5t0w6PaQ' , '5601 Brodie Lane' , 'Sunset Valley' ); 
insert into restaurant_address values ( 'r8pjKaza0jJLF9g0aeFVYA' , '1160 East Vine St' , 'Kissimmee' ); 
insert into restaurant_address values ( 'dd3moZV5D516pE9TcQnHsA' , '5665 Kingsway' , 'Burnaby' ); 
insert into restaurant_address values ( 'jVEZVYCGGUgeTcA_aPG8fQ' , '1st W Cordova Street' , 'Vancouver' ); 
insert into restaurant_address values ( 'OFwU816bVkCB7jMXbn1T_w' , '525 Short St' , 'Columbus' ); 
insert into restaurant_address values ( 'rDLPdfI6TOsQlTf6AQaCTA' , '7261 120 Street' , 'Delta' ); 
insert into restaurant_address values ( 'NQOTxi8C7pOSdgHcL1bT1g' , '150 Main St' , 'Peabody' ); 
insert into restaurant_address values ( '3JrdnGYWUzUzepplmi7HlA' , '10743 Narcoossee Rd, Ste A3' , 'Orlando' ); 
insert into restaurant_address values ( 'MASEgGo5kk8AKnMP4s5MRg' , '2361 N High St' , 'Columbus' ); 
insert into restaurant_address values ( 'yfRiuIjdcbUPWDnBHAY02A' , '650 41st Avenue W' , 'Vancouver' ); 
insert into restaurant_address values ( 'QsSq4K2eIJJ2un0uCPMDOQ' , '1143 Austin Avenue' , 'Coquitlam' ); 
insert into restaurant_address values ( 'DM_Ge3Feh-4xnIrHIDg4uw' , '730 N Magnolia Ave' , 'Orlando' ); 
insert into restaurant_address values ( 'AiqkdXibOyg-u2VZNfJRUQ' , '806 Ralph David Abernathy Blvd' , 'Atlanta' ); 
insert into restaurant_address values ( 'ksh-iVeFaRJ65uwY7Kk9QA' , '1575 Maguire Rd' , 'Ocoee' ); 
insert into restaurant_address values ( 'ZHbiidBB8LVmh_hQQbRjig' , '373 E Broadway' , 'Vancouver' ); 
insert into restaurant_address values ( 'mKgqjVBcEJD3JwEx1k27jQ' , '8148 128 Street, Unit 386' , 'Surrey' ); 
insert into restaurant_address values ( 'qoe_JAUbIpSnJDx3eLL57g' , '15608 Spring Hill Ln, Ste 102' , 'Pflugerville' ); 
insert into restaurant_address values ( 'EGsftsHMWmKF3mc2UQoQug' , '207-2748 Lougheed Highway' , 'Port Coquitlam' ); 
insert into restaurant_address values ( 'seMaQ-_ZxBHzOdAHaiogMA' , '263 Nashua Rd' , 'Billerica' ); 
insert into restaurant_address values ( '_cxOC-jzriK2zcQj2QxBcw' , '2100 Cheshire Bridge Rd, Ste A' , 'Atlanta' ); 
insert into restaurant_address values ( 'mQH9GkuKJCh8VCe5acMtUw' , '19 Blake Blvd' , 'Celebration' ); 
insert into restaurant_address values ( '2T5i_nNQVIMNuCzm7qtVxw' , '1083 Euclid Ave Ne' , 'Atlanta' ); 
insert into restaurant_address values ( 'LptUcswBlIpNZ91f6pLITA' , '6377 Sawmill Rd' , 'Dublin' ); 
insert into restaurant_address values ( 'WPrY9K874pABkAqSxO17nw' , '1122 West Hastings Street' , 'Vancouver' ); 
insert into restaurant_address values ( 'wLHLYa0DmjARl7tE2GSZdw' , '8101 NE Parkway Dr, Ste E4' , 'Vancouver' ); 
insert into restaurant_address values ( 'y-Sq3xsXXjugqHgmP2IMzA' , '8303 SE Insley St' , 'Portland' ); 
insert into restaurant_address values ( 'sNDfYZP9OYypywbi33aSxw' , '120-8100 Ackroyd Road' , 'Richmond' ); 
insert into restaurant_address values ( 'nC7jjDPdHwtinKSXpOHpNw' , '1132 Blue Hill Ave' , 'Dorchester' ); 
insert into restaurant_address values ( 'NE7h2eCXPy36xpSTUUQkHg' , '240 Rantoul St' , 'Beverly' ); 
insert into restaurant_address values ( 'k9pj2T4P1JXer35L6GwkGg' , '18330 SE Division St' , 'Gresham' ); 
insert into restaurant_address values ( 'Oj5Seggqo_2FfKSjcAg7yw' , '1 Marina Park Dr' , 'Boston' ); 
insert into restaurant_address values ( 'i4pp2IZZMaDpvExOVEcwlg' , '3932 Fraser Street' , 'Vancouver' ); 
insert into restaurant_address values ( 'yNSC_jiaEfMAZBeLU77G4Q' , '120-12480 No 1 Road' , 'Richmond' ); 
insert into restaurant_address values ( 'ZwZRd0vUKdHM_wK0SyQOYA' , '44 Broadway' , 'Saugus' ); 
insert into restaurant_address values ( 'uyvvzHJ9tlXZ-DEbCJ81Zg' , '2801 E Main St' , 'Columbus' ); 
insert into restaurant_address values ( 'qXJZPNdrpTCnVit3Ks0uuQ' , '635 W Broad St' , 'Columbus' ); 
insert into restaurant_address values ( 'g1A8_6azF0k-tG54s3PfKw' , '2 Florence St' , 'Malden' ); 
insert into restaurant_address values ( 'hHoEzwQZgRmH62rTwzBrLw' , '329 2nd St' , 'Lake Oswego' ); 
insert into restaurant_address values ( '3XrqDZs5Ay-AxFXw1RpUPg' , '3805 SE 52nd Ave' , 'Portland' ); 
insert into restaurant_address values ( 'beT8jsLKj0RTCu2D7mjWdg' , '1941 Cornwall Avenue' , 'Vancouver' ); 
insert into restaurant_address values ( 'LrE5Rqg4pBRwgDfk3toOAw' , '2499 S Orange Ave' , 'Orlando' ); 
insert into restaurant_address values ( 'eXCJpiJkC9nocc-KW9H0lA' , '1822 W Broadway' , 'Vancouver' ); 
insert into restaurant_address values ( 'DYX8d1r4PwAVdRmP2BP9zQ' , '5975 Roswell Rd NE, Ste 233D' , 'Atlanta' ); 
insert into restaurant_address values ( '9pA2xi24tlBIaQgbMtxrYg' , '90 Derby St' , 'Hingham' ); 
insert into restaurant_address values ( '5fnNo4rDu5lD_5HCPdXgAQ' , '12827 76 Ave' , 'Surrey' ); 
insert into restaurant_address values ( 'yigIhEu7Qd2rnQgpeAbI1A' , '24 College Ave' , 'Somerville' ); 
insert into restaurant_address values ( 'hIlZJbyv5JsFyeylwoZFiA' , '1765 Brice Rd' , 'Reynoldsburg' ); 
insert into restaurant_address values ( 'phyi-Lwos0Wm-xTpI3CN-Q' , '1737 Columbia Dr' , 'Decatur' ); 
insert into restaurant_address values ( '3daMYz7sP4-sokC46h8Nqw' , '343 N Front St' , 'Columbus' ); 
insert into restaurant_address values ( 'ktwp1VJiZkoS7tEAfPEc3A' , '41 Bow St' , 'Everett' ); 
insert into restaurant_address values ( 'zsregYBAjaLi4jpsu24D7g' , '2400 S Hwy 27' , 'Clermont' ); 
insert into restaurant_address values ( 'jkEG9ZbTCq_qvrjBcBnSVw' , '535 Main St' , 'Malden' ); 
insert into restaurant_address values ( 'P2oqV71cwsi-GqFnxEKJqg' , '6140 Cleveland Ave' , 'Columbus' ); 
insert into restaurant_address values ( '1bfXQtaVRuwsuFzG64xjYw' , '2120 Austin Avenue' , 'Coquitlam' ); 
insert into restaurant_address values ( 'mcR7aiqw9W3dFlHF6kzAnw' , '102 E Pender Street' , 'Vancouver' ); 
insert into restaurant_address values ( 'cHEfFcmVE9SU3i4mzfwaYw' , '4331 Dominion Street' , 'Burnaby' ); 
insert into restaurant_address values ( 'mcR7aiqw9W3dFlHF6kzAnw' , '102 E Pender Street' , 'Vancouver' ); 
insert into restaurant_address values ( '4r9MmXSPs7yDOWxf9mTOZA' , '2 McCraw St' , 'Roslindale' ); 
insert into restaurant_address values ( 'cHEfFcmVE9SU3i4mzfwaYw' , '4331 Dominion Street' , 'Burnaby' ); 
insert into restaurant_address values ( 'mcR7aiqw9W3dFlHF6kzAnw' , '102 E Pender Street' , 'Vancouver' ); 
insert into restaurant_address values ( '1G6ItSVKRj1ipHM6lQB2mw' , '4646 Buford Hwy' , 'Atlanta' ); 
insert into restaurant_address values ( 'NNtAEHBz5DKYmc4m6guhNQ' , '1065 Granville Street' , 'Vancouver' ); 
insert into restaurant_address values ( 'SrfGTXkBIt-KOXBAiOB-lg' , '2195 Riverside Dr' , 'Columbus' ); 
insert into restaurant_address values ( 't8UxhlFeHfLpD3Gz8Hh-3Q' , '1436 State Rd 436, Ste 1024' , 'Casselberry' ); 
insert into restaurant_address values ( 'IJ0ZAJkYSVXv2lEK7tbZyg' , '2944 E 12th St' , 'Austin' ); 
insert into restaurant_address values ( 'Wa9rpEPpWkEZWkeHbMs-hg' , '870 State Rd 436' , 'Casselberry' ); 
insert into restaurant_address values ( 'trO1LOYVscfLy_7e1seVUA' , '1 Eliot St' , 'Cambridge' ); 
insert into restaurant_address values ( '6p3Vhur5Y74Ur65Z_kaDCw' , '8360 Granville Avenue, Suite 145' , 'Richmond' ); 
insert into restaurant_address values ( '677Xmx4rU6QInYBSoomOgQ' , '4380 Carraway Pl' , 'Sanford' ); 
insert into restaurant_address values ( 'OUzfOoeRg_OY4MChz7VguA' , '401-999 Canada Place' , 'Vancouver' ); 
insert into restaurant_address values ( '90XZXjKo4ol0BqyOBQoJ8g' , '180 Keefer Street' , 'Vancouver' ); 
insert into restaurant_address values ( 'PySoEDAeoksJcVCJi8Sjzg' , '12167 S Apopka Vineland Rd' , 'Orlando' ); 
insert into restaurant_address values ( 'CAaFxIswcY2IYpk3pVk3TQ' , '4820 Kingsway' , 'Burnaby' ); 
insert into restaurant_address values ( 'R8fLQ6TLz06MQR69KQJ83g' , '1919 SE Columbia River Dr' , 'Vancouver' ); 
insert into restaurant_address values ( '1CHPSnEh4axD10HCqe8k-A' , '11712 NE 4th Plain Rd' , 'Vancouver' ); 
insert into restaurant_address values ( 'AUi0btdCgk5izXYfKeWxSA' , '283 Derby St' , 'Salem' ); 
insert into restaurant_address values ( 'JVrYckDkbHXYK7RYyShDwA' , '1865 Piedmont Ave NE' , 'Atlanta' ); 
insert into restaurant_address values ( 'S2RKI9wDmI4Y5KOM1fgRzQ' , '1263 River St' , 'Hyde Park' ); 
insert into restaurant_address values ( 'CcKKrDq-HdOAhDHAEDjRIQ' , '6301 W Parmer Ln, A' , 'Austin' ); 
insert into restaurant_address values ( 'wfOm2Km25UvJabTk-Zmf2w' , '1062 Montgomery Rd' , 'Altamonte Springs' ); 
insert into restaurant_address values ( 'vEK16RsDLiMJrw9MXH5K-Q' , '4382 W Vine St' , 'Kissimmee' ); 
insert into restaurant_address values ( '4vTcNB_WWe1pDbh7mFy_Vw' , '5207 Victoria Drive' , 'Vancouver' ); 
insert into restaurant_address values ( 'vEK16RsDLiMJrw9MXH5K-Q' , '4382 W Vine St' , 'Kissimmee' ); 
insert into restaurant_address values ( 'CDBEbIkhk7nA9XNDgWhXog' , '160 W Lake Mary Blvd' , 'Sanford' ); 
insert into restaurant_address values ( 'ATSt2J8_6SsLf8RufBn0Yw' , '201 E 5th St, Ste 100B' , 'Austin' ); 
insert into restaurant_address values ( 'O0KZvdZkoQ-m5YBRdWjD6Q' , '7710 N Fm 620, Ste 740' , 'Austin' ); 
insert into restaurant_address values ( 'CinEIeyX2edUlqDmL-hxuA' , '2787 Main St' , 'Atlanta' ); 
insert into restaurant_address values ( 'r60q_FjIRkZjeEGUjIqOlA' , '55 American Legion Hwy' , 'Revere' ); 
insert into restaurant_address values ( 'r9HU6kTQLWp5J9WI-e62QQ' , '132 E 5th Ave' , 'Columbus' ); 
insert into restaurant_address values ( 'ipDXqgUMDzW_0Dn6-IkJ9g' , '1010 Beach Ave, Suite 3' , 'Vancouver' ); 








insert into operating_hours values ('ynTjh_FdhbG5hY69HsEoaA' , 'Monday' , '7:0-22:0' ); 
insert into operating_hours values ('ynTjh_FdhbG5hY69HsEoaA' , 'Tuesday' , '7:0-22:0' ); 
insert into operating_hours values ('ynTjh_FdhbG5hY69HsEoaA' , 'Wednesday' , '7:0-22:0' ); 
insert into operating_hours values ('ynTjh_FdhbG5hY69HsEoaA' , 'Thursday' , '7:0-22:0' ); 
insert into operating_hours values ('ynTjh_FdhbG5hY69HsEoaA' , 'Friday' , '7:0-22:0' ); 
insert into operating_hours values ('ynTjh_FdhbG5hY69HsEoaA' , 'Saturday' , '7:0-22:0' ); 
insert into operating_hours values ('ynTjh_FdhbG5hY69HsEoaA' , 'Sunday' , '7:0-22:0' ); 
insert into operating_hours values ('jx91IMdGOmLOo8h_F9z39g' , 'Monday' , '7:0-23:0' ); 
insert into operating_hours values ('jx91IMdGOmLOo8h_F9z39g' , 'Tuesday' , '7:0-23:0' ); 
insert into operating_hours values ('jx91IMdGOmLOo8h_F9z39g' , 'Wednesday' , '7:0-23:0' ); 
insert into operating_hours values ('jx91IMdGOmLOo8h_F9z39g' , 'Thursday' , '7:0-23:0' ); 
insert into operating_hours values ('jx91IMdGOmLOo8h_F9z39g' , 'Friday' , '7:0-0:0' ); 
insert into operating_hours values ('jx91IMdGOmLOo8h_F9z39g' , 'Saturday' , '7:0-0:0' ); 
insert into operating_hours values ('jx91IMdGOmLOo8h_F9z39g' , 'Sunday' , '7:0-23:0' ); 
insert into operating_hours values ('z-0oY7VxQMQw3JHvdPejrA' , 'Monday' , '7:0-23:30' ); 
insert into operating_hours values ('z-0oY7VxQMQw3JHvdPejrA' , 'Tuesday' , '7:0-23:30' ); 
insert into operating_hours values ('z-0oY7VxQMQw3JHvdPejrA' , 'Wednesday' , '7:0-23:30' ); 
insert into operating_hours values ('z-0oY7VxQMQw3JHvdPejrA' , 'Thursday' , '7:0-23:30' ); 
insert into operating_hours values ('z-0oY7VxQMQw3JHvdPejrA' , 'Friday' , '7:0-23:30' ); 
insert into operating_hours values ('z-0oY7VxQMQw3JHvdPejrA' , 'Saturday' , '7:0-23:30' ); 
insert into operating_hours values ('z-0oY7VxQMQw3JHvdPejrA' , 'Sunday' , '7:0-23:30' ); 
insert into operating_hours values ('Mf9io8WkMyGautXuSSfGTg' , 'Monday' , '0:0-0:0' ); 
insert into operating_hours values ('Mf9io8WkMyGautXuSSfGTg' , 'Tuesday' , '11:0-21:0' ); 
insert into operating_hours values ('Mf9io8WkMyGautXuSSfGTg' , 'Wednesday' , '11:0-21:0' ); 
insert into operating_hours values ('Mf9io8WkMyGautXuSSfGTg' , 'Thursday' , '11:0-21:0' ); 
insert into operating_hours values ('Mf9io8WkMyGautXuSSfGTg' , 'Friday' , '11:0-21:0' ); 
insert into operating_hours values ('Mf9io8WkMyGautXuSSfGTg' , 'Saturday' , '11:0-21:0' ); 
insert into operating_hours values ('Mf9io8WkMyGautXuSSfGTg' , 'Sunday' , '11:0-21:0' ); 
insert into operating_hours values ('_8Hejg5Q-_izIhLvq2ocnw' , 'Monday' , '11:0-20:0' ); 
insert into operating_hours values ('_8Hejg5Q-_izIhLvq2ocnw' , 'Tuesday' , '11:0-20:0' ); 
insert into operating_hours values ('_8Hejg5Q-_izIhLvq2ocnw' , 'Wednesday' , '11:0-20:0' ); 
insert into operating_hours values ('_8Hejg5Q-_izIhLvq2ocnw' , 'Thursday' , '11:0-20:0' ); 
insert into operating_hours values ('_8Hejg5Q-_izIhLvq2ocnw' , 'Friday' , '11:0-20:0' ); 
insert into operating_hours values ('_8Hejg5Q-_izIhLvq2ocnw' , 'Saturday' , '11:0-20:0' ); 
insert into operating_hours values ('9C2lhZ4qRH5H2zMjmto1ng' , 'Tuesday' , '9:0-20:0' ); 
insert into operating_hours values ('9C2lhZ4qRH5H2zMjmto1ng' , 'Wednesday' , '9:0-20:0' ); 
insert into operating_hours values ('9C2lhZ4qRH5H2zMjmto1ng' , 'Thursday' , '9:0-20:0' ); 
insert into operating_hours values ('9C2lhZ4qRH5H2zMjmto1ng' , 'Friday' , '9:0-20:0' ); 
insert into operating_hours values ('9C2lhZ4qRH5H2zMjmto1ng' , 'Saturday' , '9:0-20:0' ); 
insert into operating_hours values ('9C2lhZ4qRH5H2zMjmto1ng' , 'Sunday' , '8:0-20:0' ); 
insert into operating_hours values ('FfMD15rgA4gHG9beoEkZ8Q' , 'Monday' , '12:0-1:0' ); 
insert into operating_hours values ('FfMD15rgA4gHG9beoEkZ8Q' , 'Tuesday' , '12:0-1:0' ); 
insert into operating_hours values ('FfMD15rgA4gHG9beoEkZ8Q' , 'Wednesday' , '12:0-1:0' ); 
insert into operating_hours values ('FfMD15rgA4gHG9beoEkZ8Q' , 'Thursday' , '12:0-1:0' ); 
insert into operating_hours values ('FfMD15rgA4gHG9beoEkZ8Q' , 'Friday' , '12:0-1:0' ); 
insert into operating_hours values ('FfMD15rgA4gHG9beoEkZ8Q' , 'Saturday' , '12:0-1:0' ); 
insert into operating_hours values ('FfMD15rgA4gHG9beoEkZ8Q' , 'Sunday' , '12:0-1:0' ); 
insert into operating_hours values ('zYMjNc-Q7-T238SHylKgKA' , 'Monday' , '10:30-22:0' ); 
insert into operating_hours values ('zYMjNc-Q7-T238SHylKgKA' , 'Tuesday' , '10:30-22:0' ); 
insert into operating_hours values ('zYMjNc-Q7-T238SHylKgKA' , 'Wednesday' , '10:30-22:0' ); 
insert into operating_hours values ('zYMjNc-Q7-T238SHylKgKA' , 'Thursday' , '10:30-22:0' ); 
insert into operating_hours values ('zYMjNc-Q7-T238SHylKgKA' , 'Friday' , '10:30-22:0' ); 
insert into operating_hours values ('zYMjNc-Q7-T238SHylKgKA' , 'Saturday' , '10:30-22:0' ); 
insert into operating_hours values ('zYMjNc-Q7-T238SHylKgKA' , 'Sunday' , '10:30-22:0' ); 
insert into operating_hours values ('7ee6XyKyeduI-Rbc6L5j2Q' , 'Monday' , '17:30-21:30' ); 
insert into operating_hours values ('7ee6XyKyeduI-Rbc6L5j2Q' , 'Tuesday' , '17:30-21:30' ); 
insert into operating_hours values ('7ee6XyKyeduI-Rbc6L5j2Q' , 'Thursday' , '17:30-21:30' ); 
insert into operating_hours values ('7ee6XyKyeduI-Rbc6L5j2Q' , 'Friday' , '17:30-21:30' ); 
insert into operating_hours values ('7ee6XyKyeduI-Rbc6L5j2Q' , 'Saturday' , '17:30-21:30' ); 
insert into operating_hours values ('7ee6XyKyeduI-Rbc6L5j2Q' , 'Sunday' , '17:30-21:30' ); 
insert into operating_hours values ('FJ-r3hOMbcq0p7Z5yH9oew' , 'Monday' , '0:0-0:0' ); 
insert into operating_hours values ('FJ-r3hOMbcq0p7Z5yH9oew' , 'Tuesday' , '11:0-22:0' ); 
insert into operating_hours values ('FJ-r3hOMbcq0p7Z5yH9oew' , 'Wednesday' , '11:0-22:0' ); 
insert into operating_hours values ('FJ-r3hOMbcq0p7Z5yH9oew' , 'Thursday' , '11:0-20:0' ); 
insert into operating_hours values ('FJ-r3hOMbcq0p7Z5yH9oew' , 'Friday' , '11:0-23:0' ); 
insert into operating_hours values ('FJ-r3hOMbcq0p7Z5yH9oew' , 'Saturday' , '11:0-23:0' ); 
insert into operating_hours values ('FJ-r3hOMbcq0p7Z5yH9oew' , 'Sunday' , '11:0-22:0' ); 
insert into operating_hours values ('AaNj_9KNy9t1H1cu1NCNLQ' , 'Monday' , '11:0-21:30' ); 
insert into operating_hours values ('AaNj_9KNy9t1H1cu1NCNLQ' , 'Tuesday' , '11:0-21:30' ); 
insert into operating_hours values ('AaNj_9KNy9t1H1cu1NCNLQ' , 'Wednesday' , '11:0-21:30' ); 
insert into operating_hours values ('AaNj_9KNy9t1H1cu1NCNLQ' , 'Thursday' , '11:0-21:30' ); 
insert into operating_hours values ('AaNj_9KNy9t1H1cu1NCNLQ' , 'Friday' , '11:0-21:30' ); 
insert into operating_hours values ('AaNj_9KNy9t1H1cu1NCNLQ' , 'Saturday' , '12:0-21:30' ); 
insert into operating_hours values ('AaNj_9KNy9t1H1cu1NCNLQ' , 'Sunday' , '12:0-21:30' ); 
insert into operating_hours values ('wVlxPWwFL-MrzCXim-UfWg' , 'Monday' , '11:30-21:0' ); 
insert into operating_hours values ('wVlxPWwFL-MrzCXim-UfWg' , 'Tuesday' , '11:30-21:0' ); 
insert into operating_hours values ('wVlxPWwFL-MrzCXim-UfWg' , 'Wednesday' , '11:30-21:0' ); 
insert into operating_hours values ('wVlxPWwFL-MrzCXim-UfWg' , 'Thursday' , '11:30-21:0' ); 
insert into operating_hours values ('wVlxPWwFL-MrzCXim-UfWg' , 'Friday' , '11:30-22:0' ); 
insert into operating_hours values ('wVlxPWwFL-MrzCXim-UfWg' , 'Saturday' , '11:30-22:0' ); 
insert into operating_hours values ('wVlxPWwFL-MrzCXim-UfWg' , 'Sunday' , '11:30-21:0' ); 
insert into operating_hours values ('RzpmK85n8n8RE4Th8GFAog' , 'Tuesday' , '11:0-21:0' ); 
insert into operating_hours values ('RzpmK85n8n8RE4Th8GFAog' , 'Wednesday' , '11:0-21:0' ); 
insert into operating_hours values ('RzpmK85n8n8RE4Th8GFAog' , 'Thursday' , '11:0-21:0' ); 
insert into operating_hours values ('RzpmK85n8n8RE4Th8GFAog' , 'Friday' , '11:0-21:0' ); 
insert into operating_hours values ('RzpmK85n8n8RE4Th8GFAog' , 'Saturday' , '11:0-21:0' ); 
insert into operating_hours values ('RzpmK85n8n8RE4Th8GFAog' , 'Sunday' , '11:0-21:0' ); 
insert into operating_hours values ('q5VXVDhIeFlfofTn_PKxCQ' , 'Monday' , '11:0-21:0' ); 
insert into operating_hours values ('q5VXVDhIeFlfofTn_PKxCQ' , 'Tuesday' , '11:0-21:0' ); 
insert into operating_hours values ('q5VXVDhIeFlfofTn_PKxCQ' , 'Wednesday' , '11:0-21:0' ); 
insert into operating_hours values ('q5VXVDhIeFlfofTn_PKxCQ' , 'Thursday' , '11:0-21:0' ); 
insert into operating_hours values ('q5VXVDhIeFlfofTn_PKxCQ' , 'Friday' , '11:0-22:0' ); 
insert into operating_hours values ('q5VXVDhIeFlfofTn_PKxCQ' , 'Saturday' , '11:0-22:0' ); 
insert into operating_hours values ('q5VXVDhIeFlfofTn_PKxCQ' , 'Sunday' , '11:0-21:0' ); 
insert into operating_hours values ('HOQw78QIGe3shVx5rMpiCw' , 'Monday' , '7:0-21:0' ); 
insert into operating_hours values ('HOQw78QIGe3shVx5rMpiCw' , 'Tuesday' , '7:0-21:0' ); 
insert into operating_hours values ('HOQw78QIGe3shVx5rMpiCw' , 'Wednesday' , '7:0-21:0' ); 
insert into operating_hours values ('HOQw78QIGe3shVx5rMpiCw' , 'Thursday' , '7:0-21:0' ); 
insert into operating_hours values ('HOQw78QIGe3shVx5rMpiCw' , 'Friday' , '7:0-22:0' ); 
insert into operating_hours values ('HOQw78QIGe3shVx5rMpiCw' , 'Saturday' , '8:0-22:0' ); 
insert into operating_hours values ('A-xLw4u4wYusT1A2N-1Vxw' , 'Monday' , '0:0-0:0' ); 
insert into operating_hours values ('A-xLw4u4wYusT1A2N-1Vxw' , 'Tuesday' , '11:30-21:0' ); 
insert into operating_hours values ('A-xLw4u4wYusT1A2N-1Vxw' , 'Wednesday' , '11:30-21:0' ); 
insert into operating_hours values ('A-xLw4u4wYusT1A2N-1Vxw' , 'Thursday' , '11:30-21:0' ); 
insert into operating_hours values ('A-xLw4u4wYusT1A2N-1Vxw' , 'Friday' , '11:30-21:0' ); 
insert into operating_hours values ('A-xLw4u4wYusT1A2N-1Vxw' , 'Saturday' , '11:30-21:0' ); 
insert into operating_hours values ('A-xLw4u4wYusT1A2N-1Vxw' , 'Sunday' , '11:30-21:0' ); 
insert into operating_hours values ('r8pjKaza0jJLF9g0aeFVYA' , 'Monday' , '11:0-21:0' ); 
insert into operating_hours values ('r8pjKaza0jJLF9g0aeFVYA' , 'Tuesday' , '11:0-21:0' ); 
insert into operating_hours values ('r8pjKaza0jJLF9g0aeFVYA' , 'Wednesday' , '11:0-21:0' ); 
insert into operating_hours values ('r8pjKaza0jJLF9g0aeFVYA' , 'Thursday' , '11:0-21:0' ); 
insert into operating_hours values ('r8pjKaza0jJLF9g0aeFVYA' , 'Friday' , '11:0-21:0' ); 
insert into operating_hours values ('r8pjKaza0jJLF9g0aeFVYA' , 'Saturday' , '11:0-21:0' ); 
insert into operating_hours values ('r8pjKaza0jJLF9g0aeFVYA' , 'Sunday' , '11:0-21:0' ); 
insert into operating_hours values ('jVEZVYCGGUgeTcA_aPG8fQ' , 'Monday' , '17:0-22:30' ); 
insert into operating_hours values ('jVEZVYCGGUgeTcA_aPG8fQ' , 'Tuesday' , '17:0-22:30' ); 
insert into operating_hours values ('jVEZVYCGGUgeTcA_aPG8fQ' , 'Wednesday' , '17:0-22:30' ); 
insert into operating_hours values ('jVEZVYCGGUgeTcA_aPG8fQ' , 'Thursday' , '17:0-22:30' ); 
insert into operating_hours values ('jVEZVYCGGUgeTcA_aPG8fQ' , 'Friday' , '17:0-23:0' ); 
insert into operating_hours values ('jVEZVYCGGUgeTcA_aPG8fQ' , 'Saturday' , '17:0-23:0' ); 
insert into operating_hours values ('jVEZVYCGGUgeTcA_aPG8fQ' , 'Sunday' , '17:0-22:30' ); 
insert into operating_hours values ('OFwU816bVkCB7jMXbn1T_w' , 'Monday' , '11:0-22:0' ); 
insert into operating_hours values ('OFwU816bVkCB7jMXbn1T_w' , 'Tuesday' , '11:0-22:0' ); 
insert into operating_hours values ('OFwU816bVkCB7jMXbn1T_w' , 'Wednesday' , '11:0-22:0' ); 
insert into operating_hours values ('OFwU816bVkCB7jMXbn1T_w' , 'Thursday' , '11:0-22:0' ); 
insert into operating_hours values ('OFwU816bVkCB7jMXbn1T_w' , 'Friday' , '11:0-23:0' ); 
insert into operating_hours values ('OFwU816bVkCB7jMXbn1T_w' , 'Saturday' , '11:0-23:0' ); 
insert into operating_hours values ('OFwU816bVkCB7jMXbn1T_w' , 'Sunday' , '11:0-21:0' ); 
insert into operating_hours values ('rDLPdfI6TOsQlTf6AQaCTA' , 'Monday' , '11:30-21:30' ); 
insert into operating_hours values ('rDLPdfI6TOsQlTf6AQaCTA' , 'Tuesday' , '11:30-21:30' ); 
insert into operating_hours values ('rDLPdfI6TOsQlTf6AQaCTA' , 'Wednesday' , '11:30-21:30' ); 
insert into operating_hours values ('rDLPdfI6TOsQlTf6AQaCTA' , 'Thursday' , '11:30-21:30' ); 
insert into operating_hours values ('rDLPdfI6TOsQlTf6AQaCTA' , 'Friday' , '11:30-22:0' ); 
insert into operating_hours values ('rDLPdfI6TOsQlTf6AQaCTA' , 'Saturday' , '12:0-21:30' ); 
insert into operating_hours values ('rDLPdfI6TOsQlTf6AQaCTA' , 'Sunday' , '12:0-21:0' ); 
insert into operating_hours values ('3JrdnGYWUzUzepplmi7HlA' , 'Monday' , '6:0-15:0' ); 
insert into operating_hours values ('3JrdnGYWUzUzepplmi7HlA' , 'Tuesday' , '6:0-15:0' ); 
insert into operating_hours values ('3JrdnGYWUzUzepplmi7HlA' , 'Wednesday' , '6:0-15:0' ); 
insert into operating_hours values ('3JrdnGYWUzUzepplmi7HlA' , 'Thursday' , '6:0-15:0' ); 
insert into operating_hours values ('3JrdnGYWUzUzepplmi7HlA' , 'Friday' , '6:0-15:0' ); 
insert into operating_hours values ('3JrdnGYWUzUzepplmi7HlA' , 'Saturday' , '6:0-15:0' ); 
insert into operating_hours values ('3JrdnGYWUzUzepplmi7HlA' , 'Sunday' , '6:0-15:0' ); 
insert into operating_hours values ('MASEgGo5kk8AKnMP4s5MRg' , 'Monday' , '17:0-22:0' ); 
insert into operating_hours values ('MASEgGo5kk8AKnMP4s5MRg' , 'Tuesday' , '17:0-22:0' ); 
insert into operating_hours values ('MASEgGo5kk8AKnMP4s5MRg' , 'Wednesday' , '17:0-22:0' ); 
insert into operating_hours values ('MASEgGo5kk8AKnMP4s5MRg' , 'Thursday' , '17:0-22:0' ); 
insert into operating_hours values ('MASEgGo5kk8AKnMP4s5MRg' , 'Friday' , '17:0-22:0' ); 
insert into operating_hours values ('MASEgGo5kk8AKnMP4s5MRg' , 'Saturday' , '17:0-22:0' ); 
insert into operating_hours values ('MASEgGo5kk8AKnMP4s5MRg' , 'Sunday' , '11:0-22:0' ); 
insert into operating_hours values ('QsSq4K2eIJJ2un0uCPMDOQ' , 'Monday' , '11:0-21:0' ); 
insert into operating_hours values ('QsSq4K2eIJJ2un0uCPMDOQ' , 'Tuesday' , '11:0-21:0' ); 
insert into operating_hours values ('QsSq4K2eIJJ2un0uCPMDOQ' , 'Wednesday' , '11:0-21:0' ); 
insert into operating_hours values ('QsSq4K2eIJJ2un0uCPMDOQ' , 'Thursday' , '11:0-21:0' ); 
insert into operating_hours values ('QsSq4K2eIJJ2un0uCPMDOQ' , 'Friday' , '11:0-21:0' ); 
insert into operating_hours values ('QsSq4K2eIJJ2un0uCPMDOQ' , 'Saturday' , '11:0-21:0' ); 
insert into operating_hours values ('QsSq4K2eIJJ2un0uCPMDOQ' , 'Sunday' , '16:30-21:0' ); 
insert into operating_hours values ('DM_Ge3Feh-4xnIrHIDg4uw' , 'Monday' , '6:0-23:0' ); 
insert into operating_hours values ('DM_Ge3Feh-4xnIrHIDg4uw' , 'Tuesday' , '6:0-23:0' ); 
insert into operating_hours values ('DM_Ge3Feh-4xnIrHIDg4uw' , 'Wednesday' , '6:0-23:0' ); 
insert into operating_hours values ('DM_Ge3Feh-4xnIrHIDg4uw' , 'Thursday' , '6:0-23:0' ); 
insert into operating_hours values ('DM_Ge3Feh-4xnIrHIDg4uw' , 'Friday' , '6:0-23:0' ); 
insert into operating_hours values ('DM_Ge3Feh-4xnIrHIDg4uw' , 'Saturday' , '7:0-23:0' ); 
insert into operating_hours values ('DM_Ge3Feh-4xnIrHIDg4uw' , 'Sunday' , '7:0-23:0' ); 
insert into operating_hours values ('ksh-iVeFaRJ65uwY7Kk9QA' , 'Monday' , '11:0-22:0' ); 
insert into operating_hours values ('ksh-iVeFaRJ65uwY7Kk9QA' , 'Tuesday' , '11:0-22:0' ); 
insert into operating_hours values ('ksh-iVeFaRJ65uwY7Kk9QA' , 'Wednesday' , '11:0-22:0' ); 
insert into operating_hours values ('ksh-iVeFaRJ65uwY7Kk9QA' , 'Thursday' , '11:0-22:0' ); 
insert into operating_hours values ('ksh-iVeFaRJ65uwY7Kk9QA' , 'Friday' , '11:0-2:0' ); 
insert into operating_hours values ('ksh-iVeFaRJ65uwY7Kk9QA' , 'Saturday' , '12:0-2:0' ); 
insert into operating_hours values ('ksh-iVeFaRJ65uwY7Kk9QA' , 'Sunday' , '12:0-22:0' ); 
insert into operating_hours values ('ZHbiidBB8LVmh_hQQbRjig' , 'Monday' , '10:0-21:0' ); 
insert into operating_hours values ('ZHbiidBB8LVmh_hQQbRjig' , 'Tuesday' , '10:0-21:0' ); 
insert into operating_hours values ('ZHbiidBB8LVmh_hQQbRjig' , 'Wednesday' , '10:0-21:0' ); 
insert into operating_hours values ('ZHbiidBB8LVmh_hQQbRjig' , 'Thursday' , '10:0-21:0' ); 
insert into operating_hours values ('ZHbiidBB8LVmh_hQQbRjig' , 'Friday' , '10:0-21:0' ); 
insert into operating_hours values ('ZHbiidBB8LVmh_hQQbRjig' , 'Saturday' , '10:0-21:0' ); 
insert into operating_hours values ('ZHbiidBB8LVmh_hQQbRjig' , 'Sunday' , '10:0-21:0' ); 
insert into operating_hours values ('mKgqjVBcEJD3JwEx1k27jQ' , 'Monday' , '10:0-20:0' ); 
insert into operating_hours values ('mKgqjVBcEJD3JwEx1k27jQ' , 'Tuesday' , '10:0-20:0' ); 
insert into operating_hours values ('mKgqjVBcEJD3JwEx1k27jQ' , 'Wednesday' , '10:0-20:0' ); 
insert into operating_hours values ('mKgqjVBcEJD3JwEx1k27jQ' , 'Thursday' , '10:0-20:0' ); 
insert into operating_hours values ('mKgqjVBcEJD3JwEx1k27jQ' , 'Friday' , '10:0-21:0' ); 
insert into operating_hours values ('mKgqjVBcEJD3JwEx1k27jQ' , 'Saturday' , '10:0-21:0' ); 
insert into operating_hours values ('mKgqjVBcEJD3JwEx1k27jQ' , 'Sunday' , '10:0-21:0' ); 
insert into operating_hours values ('qoe_JAUbIpSnJDx3eLL57g' , 'Monday' , '11:0-21:0' ); 
insert into operating_hours values ('qoe_JAUbIpSnJDx3eLL57g' , 'Tuesday' , '11:0-21:0' ); 
insert into operating_hours values ('qoe_JAUbIpSnJDx3eLL57g' , 'Wednesday' , '11:0-21:0' ); 
insert into operating_hours values ('qoe_JAUbIpSnJDx3eLL57g' , 'Thursday' , '11:0-21:0' ); 
insert into operating_hours values ('qoe_JAUbIpSnJDx3eLL57g' , 'Friday' , '11:0-21:0' ); 
insert into operating_hours values ('qoe_JAUbIpSnJDx3eLL57g' , 'Saturday' , '11:0-21:0' ); 
insert into operating_hours values ('EGsftsHMWmKF3mc2UQoQug' , 'Tuesday' , '17:0-21:30' ); 
insert into operating_hours values ('EGsftsHMWmKF3mc2UQoQug' , 'Wednesday' , '17:0-21:30' ); 
insert into operating_hours values ('EGsftsHMWmKF3mc2UQoQug' , 'Thursday' , '17:0-21:30' ); 
insert into operating_hours values ('EGsftsHMWmKF3mc2UQoQug' , 'Friday' , '17:0-21:30' ); 
insert into operating_hours values ('EGsftsHMWmKF3mc2UQoQug' , 'Saturday' , '17:0-21:30' ); 
insert into operating_hours values ('EGsftsHMWmKF3mc2UQoQug' , 'Sunday' , '17:0-21:30' ); 
insert into operating_hours values ('_cxOC-jzriK2zcQj2QxBcw' , 'Monday' , '9:0-2:0' ); 
insert into operating_hours values ('_cxOC-jzriK2zcQj2QxBcw' , 'Tuesday' , '9:0-0:30' ); 
insert into operating_hours values ('_cxOC-jzriK2zcQj2QxBcw' , 'Wednesday' , '9:0-0:30' ); 
insert into operating_hours values ('_cxOC-jzriK2zcQj2QxBcw' , 'Thursday' , '9:0-0:30' ); 
insert into operating_hours values ('_cxOC-jzriK2zcQj2QxBcw' , 'Friday' , '9:0-0:30' ); 
insert into operating_hours values ('_cxOC-jzriK2zcQj2QxBcw' , 'Saturday' , '9:0-0:30' ); 
insert into operating_hours values ('_cxOC-jzriK2zcQj2QxBcw' , 'Sunday' , '9:0-0:30' ); 
insert into operating_hours values ('mQH9GkuKJCh8VCe5acMtUw' , 'Monday' , '15:0-22:0' ); 
insert into operating_hours values ('mQH9GkuKJCh8VCe5acMtUw' , 'Tuesday' , '23:0-22:0' ); 
insert into operating_hours values ('mQH9GkuKJCh8VCe5acMtUw' , 'Wednesday' , '23:0-22:0' ); 
insert into operating_hours values ('mQH9GkuKJCh8VCe5acMtUw' , 'Thursday' , '23:0-22:0' ); 
insert into operating_hours values ('mQH9GkuKJCh8VCe5acMtUw' , 'Saturday' , '23:0-23:0' ); 
insert into operating_hours values ('mQH9GkuKJCh8VCe5acMtUw' , 'Sunday' , '15:0-21:0' ); 
insert into operating_hours values ('2T5i_nNQVIMNuCzm7qtVxw' , 'Monday' , '0:0-0:0' ); 
insert into operating_hours values ('2T5i_nNQVIMNuCzm7qtVxw' , 'Wednesday' , '11:0-20:0' ); 
insert into operating_hours values ('2T5i_nNQVIMNuCzm7qtVxw' , 'Thursday' , '11:0-20:0' ); 
insert into operating_hours values ('2T5i_nNQVIMNuCzm7qtVxw' , 'Friday' , '11:0-20:0' ); 
insert into operating_hours values ('2T5i_nNQVIMNuCzm7qtVxw' , 'Saturday' , '11:0-20:0' ); 
insert into operating_hours values ('2T5i_nNQVIMNuCzm7qtVxw' , 'Sunday' , '12:0-18:0' ); 
insert into operating_hours values ('LptUcswBlIpNZ91f6pLITA' , 'Monday' , '17:0-21:0' ); 
insert into operating_hours values ('LptUcswBlIpNZ91f6pLITA' , 'Tuesday' , '17:0-21:0' ); 
insert into operating_hours values ('LptUcswBlIpNZ91f6pLITA' , 'Wednesday' , '17:0-21:0' ); 
insert into operating_hours values ('LptUcswBlIpNZ91f6pLITA' , 'Thursday' , '17:0-21:0' ); 
insert into operating_hours values ('LptUcswBlIpNZ91f6pLITA' , 'Friday' , '17:0-22:0' ); 
insert into operating_hours values ('LptUcswBlIpNZ91f6pLITA' , 'Saturday' , '17:0-22:0' ); 
insert into operating_hours values ('LptUcswBlIpNZ91f6pLITA' , 'Sunday' , '17:0-21:0' ); 
insert into operating_hours values ('WPrY9K874pABkAqSxO17nw' , 'Monday' , '6:30-0:0' ); 
insert into operating_hours values ('WPrY9K874pABkAqSxO17nw' , 'Tuesday' , '6:30-0:0' ); 
insert into operating_hours values ('WPrY9K874pABkAqSxO17nw' , 'Wednesday' , '6:30-0:0' ); 
insert into operating_hours values ('WPrY9K874pABkAqSxO17nw' , 'Thursday' , '6:30-0:0' ); 
insert into operating_hours values ('WPrY9K874pABkAqSxO17nw' , 'Friday' , '6:30-1:0' ); 
insert into operating_hours values ('WPrY9K874pABkAqSxO17nw' , 'Saturday' , '6:30-1:0' ); 
insert into operating_hours values ('WPrY9K874pABkAqSxO17nw' , 'Sunday' , '6:30-0:0' ); 
insert into operating_hours values ('wLHLYa0DmjARl7tE2GSZdw' , 'Monday' , '15:0-21:0' ); 
insert into operating_hours values ('wLHLYa0DmjARl7tE2GSZdw' , 'Tuesday' , '15:0-21:0' ); 
insert into operating_hours values ('wLHLYa0DmjARl7tE2GSZdw' , 'Wednesday' , '15:0-21:0' ); 
insert into operating_hours values ('wLHLYa0DmjARl7tE2GSZdw' , 'Thursday' , '15:0-21:0' ); 
insert into operating_hours values ('wLHLYa0DmjARl7tE2GSZdw' , 'Friday' , '15:0-21:0' ); 
insert into operating_hours values ('wLHLYa0DmjARl7tE2GSZdw' , 'Saturday' , '15:0-21:0' ); 
insert into operating_hours values ('wLHLYa0DmjARl7tE2GSZdw' , 'Sunday' , '15:0-21:0' ); 
insert into operating_hours values ('y-Sq3xsXXjugqHgmP2IMzA' , 'Monday' , '0:0-0:0' ); 
insert into operating_hours values ('y-Sq3xsXXjugqHgmP2IMzA' , 'Tuesday' , '9:0-17:30' ); 
insert into operating_hours values ('y-Sq3xsXXjugqHgmP2IMzA' , 'Wednesday' , '9:0-17:30' ); 
insert into operating_hours values ('y-Sq3xsXXjugqHgmP2IMzA' , 'Thursday' , '9:0-17:30' ); 
insert into operating_hours values ('y-Sq3xsXXjugqHgmP2IMzA' , 'Friday' , '9:0-17:30' ); 
insert into operating_hours values ('y-Sq3xsXXjugqHgmP2IMzA' , 'Saturday' , '10:0-16:0' ); 
insert into operating_hours values ('sNDfYZP9OYypywbi33aSxw' , 'Monday' , '11:0-22:30' ); 
insert into operating_hours values ('sNDfYZP9OYypywbi33aSxw' , 'Tuesday' , '11:0-22:30' ); 
insert into operating_hours values ('sNDfYZP9OYypywbi33aSxw' , 'Wednesday' , '11:0-22:30' ); 
insert into operating_hours values ('sNDfYZP9OYypywbi33aSxw' , 'Thursday' , '11:0-22:30' ); 
insert into operating_hours values ('sNDfYZP9OYypywbi33aSxw' , 'Friday' , '11:0-22:30' ); 
insert into operating_hours values ('sNDfYZP9OYypywbi33aSxw' , 'Saturday' , '11:0-22:30' ); 
insert into operating_hours values ('sNDfYZP9OYypywbi33aSxw' , 'Sunday' , '11:0-22:30' ); 
insert into operating_hours values ('nC7jjDPdHwtinKSXpOHpNw' , 'Monday' , '11:0-23:0' ); 
insert into operating_hours values ('nC7jjDPdHwtinKSXpOHpNw' , 'Tuesday' , '11:0-23:0' ); 
insert into operating_hours values ('nC7jjDPdHwtinKSXpOHpNw' , 'Wednesday' , '11:0-23:0' ); 
insert into operating_hours values ('nC7jjDPdHwtinKSXpOHpNw' , 'Thursday' , '11:0-23:0' ); 
insert into operating_hours values ('nC7jjDPdHwtinKSXpOHpNw' , 'Friday' , '11:0-23:0' ); 
insert into operating_hours values ('nC7jjDPdHwtinKSXpOHpNw' , 'Saturday' , '11:0-23:0' ); 
insert into operating_hours values ('nC7jjDPdHwtinKSXpOHpNw' , 'Sunday' , '11:0-23:0' ); 
insert into operating_hours values ('k9pj2T4P1JXer35L6GwkGg' , 'Monday' , '11:30-23:30' ); 
insert into operating_hours values ('k9pj2T4P1JXer35L6GwkGg' , 'Tuesday' , '11:30-23:30' ); 
insert into operating_hours values ('k9pj2T4P1JXer35L6GwkGg' , 'Wednesday' , '11:30-23:30' ); 
insert into operating_hours values ('k9pj2T4P1JXer35L6GwkGg' , 'Thursday' , '11:30-23:30' ); 
insert into operating_hours values ('k9pj2T4P1JXer35L6GwkGg' , 'Friday' , '11:30-23:30' ); 
insert into operating_hours values ('k9pj2T4P1JXer35L6GwkGg' , 'Saturday' , '11:30-23:30' ); 
insert into operating_hours values ('k9pj2T4P1JXer35L6GwkGg' , 'Sunday' , '11:30-23:30' ); 
insert into operating_hours values ('Oj5Seggqo_2FfKSjcAg7yw' , 'Monday' , '0:0-0:0' ); 
insert into operating_hours values ('Oj5Seggqo_2FfKSjcAg7yw' , 'Tuesday' , '17:0-22:0' ); 
insert into operating_hours values ('Oj5Seggqo_2FfKSjcAg7yw' , 'Wednesday' , '17:0-22:0' ); 
insert into operating_hours values ('Oj5Seggqo_2FfKSjcAg7yw' , 'Thursday' , '17:0-23:0' ); 
insert into operating_hours values ('Oj5Seggqo_2FfKSjcAg7yw' , 'Friday' , '17:0-0:0' ); 
insert into operating_hours values ('Oj5Seggqo_2FfKSjcAg7yw' , 'Saturday' , '17:0-0:0' ); 
insert into operating_hours values ('Oj5Seggqo_2FfKSjcAg7yw' , 'Sunday' , '17:0-22:0' ); 
insert into operating_hours values ('yNSC_jiaEfMAZBeLU77G4Q' , 'Monday' , '11:0-21:0' ); 
insert into operating_hours values ('yNSC_jiaEfMAZBeLU77G4Q' , 'Wednesday' , '11:0-21:0' ); 
insert into operating_hours values ('yNSC_jiaEfMAZBeLU77G4Q' , 'Thursday' , '11:0-21:0' ); 
insert into operating_hours values ('yNSC_jiaEfMAZBeLU77G4Q' , 'Friday' , '11:0-21:0' ); 
insert into operating_hours values ('yNSC_jiaEfMAZBeLU77G4Q' , 'Saturday' , '11:0-21:0' ); 
insert into operating_hours values ('yNSC_jiaEfMAZBeLU77G4Q' , 'Sunday' , '11:0-21:0' ); 
insert into operating_hours values ('ZwZRd0vUKdHM_wK0SyQOYA' , 'Monday' , '11:30-22:0' ); 
insert into operating_hours values ('ZwZRd0vUKdHM_wK0SyQOYA' , 'Tuesday' , '11:30-22:0' ); 
insert into operating_hours values ('ZwZRd0vUKdHM_wK0SyQOYA' , 'Wednesday' , '11:30-22:0' ); 
insert into operating_hours values ('ZwZRd0vUKdHM_wK0SyQOYA' , 'Thursday' , '11:30-22:0' ); 
insert into operating_hours values ('ZwZRd0vUKdHM_wK0SyQOYA' , 'Friday' , '11:30-0:0' ); 
insert into operating_hours values ('ZwZRd0vUKdHM_wK0SyQOYA' , 'Saturday' , '11:30-0:0' ); 
insert into operating_hours values ('ZwZRd0vUKdHM_wK0SyQOYA' , 'Sunday' , '12:30-22:0' ); 
insert into operating_hours values ('uyvvzHJ9tlXZ-DEbCJ81Zg' , 'Monday' , '11:30-0:0' ); 
insert into operating_hours values ('uyvvzHJ9tlXZ-DEbCJ81Zg' , 'Tuesday' , '11:30-0:0' ); 
insert into operating_hours values ('uyvvzHJ9tlXZ-DEbCJ81Zg' , 'Wednesday' , '11:30-0:0' ); 
insert into operating_hours values ('uyvvzHJ9tlXZ-DEbCJ81Zg' , 'Thursday' , '11:30-0:0' ); 
insert into operating_hours values ('uyvvzHJ9tlXZ-DEbCJ81Zg' , 'Friday' , '11:30-0:0' ); 
insert into operating_hours values ('uyvvzHJ9tlXZ-DEbCJ81Zg' , 'Saturday' , '11:30-0:0' ); 
insert into operating_hours values ('uyvvzHJ9tlXZ-DEbCJ81Zg' , 'Sunday' , '12:0-21:0' ); 
insert into operating_hours values ('qXJZPNdrpTCnVit3Ks0uuQ' , 'Monday' , '8:0-17:0' ); 
insert into operating_hours values ('qXJZPNdrpTCnVit3Ks0uuQ' , 'Tuesday' , '8:0-17:0' ); 
insert into operating_hours values ('qXJZPNdrpTCnVit3Ks0uuQ' , 'Wednesday' , '8:0-17:0' ); 
insert into operating_hours values ('qXJZPNdrpTCnVit3Ks0uuQ' , 'Thursday' , '8:0-17:0' ); 
insert into operating_hours values ('qXJZPNdrpTCnVit3Ks0uuQ' , 'Friday' , '8:0-17:0' ); 
insert into operating_hours values ('qXJZPNdrpTCnVit3Ks0uuQ' , 'Saturday' , '8:0-12:0' ); 
insert into operating_hours values ('g1A8_6azF0k-tG54s3PfKw' , 'Tuesday' , '17:0-23:0' ); 
insert into operating_hours values ('g1A8_6azF0k-tG54s3PfKw' , 'Wednesday' , '17:0-23:0' ); 
insert into operating_hours values ('g1A8_6azF0k-tG54s3PfKw' , 'Thursday' , '17:0-23:0' ); 
insert into operating_hours values ('g1A8_6azF0k-tG54s3PfKw' , 'Friday' , '17:0-23:0' ); 
insert into operating_hours values ('g1A8_6azF0k-tG54s3PfKw' , 'Saturday' , '12:0-23:0' ); 
insert into operating_hours values ('g1A8_6azF0k-tG54s3PfKw' , 'Sunday' , '13:0-22:0' ); 
insert into operating_hours values ('3XrqDZs5Ay-AxFXw1RpUPg' , 'Monday' , '9:0-22:0' ); 
insert into operating_hours values ('3XrqDZs5Ay-AxFXw1RpUPg' , 'Tuesday' , '9:0-22:0' ); 
insert into operating_hours values ('3XrqDZs5Ay-AxFXw1RpUPg' , 'Wednesday' , '9:0-22:0' ); 
insert into operating_hours values ('3XrqDZs5Ay-AxFXw1RpUPg' , 'Thursday' , '8:0-22:0' ); 
insert into operating_hours values ('3XrqDZs5Ay-AxFXw1RpUPg' , 'Friday' , '8:0-22:0' ); 
insert into operating_hours values ('3XrqDZs5Ay-AxFXw1RpUPg' , 'Saturday' , '8:0-22:0' ); 
insert into operating_hours values ('3XrqDZs5Ay-AxFXw1RpUPg' , 'Sunday' , '9:0-22:0' ); 
insert into operating_hours values ('beT8jsLKj0RTCu2D7mjWdg' , 'Monday' , '0:0-0:0' ); 
insert into operating_hours values ('beT8jsLKj0RTCu2D7mjWdg' , 'Tuesday' , '17:0-21:0' ); 
insert into operating_hours values ('beT8jsLKj0RTCu2D7mjWdg' , 'Wednesday' , '17:0-21:0' ); 
insert into operating_hours values ('beT8jsLKj0RTCu2D7mjWdg' , 'Thursday' , '17:0-21:0' ); 
insert into operating_hours values ('beT8jsLKj0RTCu2D7mjWdg' , 'Friday' , '17:30-21:0' ); 
insert into operating_hours values ('beT8jsLKj0RTCu2D7mjWdg' , 'Saturday' , '17:0-21:0' ); 
insert into operating_hours values ('beT8jsLKj0RTCu2D7mjWdg' , 'Sunday' , '17:0-21:0' ); 
insert into operating_hours values ('LrE5Rqg4pBRwgDfk3toOAw' , 'Monday' , '11:0-21:30' ); 
insert into operating_hours values ('LrE5Rqg4pBRwgDfk3toOAw' , 'Tuesday' , '11:0-21:30' ); 
insert into operating_hours values ('LrE5Rqg4pBRwgDfk3toOAw' , 'Wednesday' , '11:0-21:30' ); 
insert into operating_hours values ('LrE5Rqg4pBRwgDfk3toOAw' , 'Thursday' , '11:0-21:30' ); 
insert into operating_hours values ('LrE5Rqg4pBRwgDfk3toOAw' , 'Friday' , '11:0-22:0' ); 
insert into operating_hours values ('LrE5Rqg4pBRwgDfk3toOAw' , 'Saturday' , '12:0-22:0' ); 
insert into operating_hours values ('eXCJpiJkC9nocc-KW9H0lA' , 'Monday' , '11:30-20:0' ); 
insert into operating_hours values ('eXCJpiJkC9nocc-KW9H0lA' , 'Tuesday' , '11:30-20:0' ); 
insert into operating_hours values ('eXCJpiJkC9nocc-KW9H0lA' , 'Wednesday' , '11:30-20:0' ); 
insert into operating_hours values ('eXCJpiJkC9nocc-KW9H0lA' , 'Thursday' , '11:30-20:0' ); 
insert into operating_hours values ('eXCJpiJkC9nocc-KW9H0lA' , 'Friday' , '11:30-20:0' ); 
insert into operating_hours values ('eXCJpiJkC9nocc-KW9H0lA' , 'Saturday' , '11:30-20:0' ); 
insert into operating_hours values ('DYX8d1r4PwAVdRmP2BP9zQ' , 'Monday' , '0:0-0:0' ); 
insert into operating_hours values ('DYX8d1r4PwAVdRmP2BP9zQ' , 'Tuesday' , '17:0-20:30' ); 
insert into operating_hours values ('DYX8d1r4PwAVdRmP2BP9zQ' , 'Wednesday' , '17:0-20:30' ); 
insert into operating_hours values ('DYX8d1r4PwAVdRmP2BP9zQ' , 'Thursday' , '17:0-20:30' ); 
insert into operating_hours values ('DYX8d1r4PwAVdRmP2BP9zQ' , 'Friday' , '17:0-20:30' ); 
insert into operating_hours values ('DYX8d1r4PwAVdRmP2BP9zQ' , 'Saturday' , '17:0-20:30' ); 
insert into operating_hours values ('DYX8d1r4PwAVdRmP2BP9zQ' , 'Sunday' , '17:0-20:0' ); 
insert into operating_hours values ('9pA2xi24tlBIaQgbMtxrYg' , 'Monday' , '11:30-21:30' ); 
insert into operating_hours values ('9pA2xi24tlBIaQgbMtxrYg' , 'Tuesday' , '11:30-21:30' ); 
insert into operating_hours values ('9pA2xi24tlBIaQgbMtxrYg' , 'Wednesday' , '11:30-21:30' ); 
insert into operating_hours values ('9pA2xi24tlBIaQgbMtxrYg' , 'Thursday' , '11:0-22:0' ); 
insert into operating_hours values ('9pA2xi24tlBIaQgbMtxrYg' , 'Friday' , '11:0-22:0' ); 
insert into operating_hours values ('9pA2xi24tlBIaQgbMtxrYg' , 'Saturday' , '11:30-22:0' ); 
insert into operating_hours values ('9pA2xi24tlBIaQgbMtxrYg' , 'Sunday' , '11:30-21:30' ); 
insert into operating_hours values ('yigIhEu7Qd2rnQgpeAbI1A' , 'Monday' , '16:30-2:0' ); 
insert into operating_hours values ('yigIhEu7Qd2rnQgpeAbI1A' , 'Tuesday' , '16:30-2:0' ); 
insert into operating_hours values ('yigIhEu7Qd2rnQgpeAbI1A' , 'Wednesday' , '16:30-2:0' ); 
insert into operating_hours values ('yigIhEu7Qd2rnQgpeAbI1A' , 'Thursday' , '16:30-2:0' ); 
insert into operating_hours values ('yigIhEu7Qd2rnQgpeAbI1A' , 'Friday' , '16:30-3:0' ); 
insert into operating_hours values ('yigIhEu7Qd2rnQgpeAbI1A' , 'Saturday' , '16:30-3:0' ); 
insert into operating_hours values ('yigIhEu7Qd2rnQgpeAbI1A' , 'Sunday' , '16:30-2:0' ); 
insert into operating_hours values ('hIlZJbyv5JsFyeylwoZFiA' , 'Monday' , '11:0-22:0' ); 
insert into operating_hours values ('hIlZJbyv5JsFyeylwoZFiA' , 'Tuesday' , '11:0-22:0' ); 
insert into operating_hours values ('hIlZJbyv5JsFyeylwoZFiA' , 'Wednesday' , '11:0-22:0' ); 
insert into operating_hours values ('hIlZJbyv5JsFyeylwoZFiA' , 'Thursday' , '11:0-22:0' ); 
insert into operating_hours values ('hIlZJbyv5JsFyeylwoZFiA' , 'Friday' , '11:0-23:0' ); 
insert into operating_hours values ('hIlZJbyv5JsFyeylwoZFiA' , 'Saturday' , '11:0-23:0' ); 
insert into operating_hours values ('hIlZJbyv5JsFyeylwoZFiA' , 'Sunday' , '12:0-21:0' ); 
insert into operating_hours values ('phyi-Lwos0Wm-xTpI3CN-Q' , 'Tuesday' , '11:0-19:0' ); 
insert into operating_hours values ('phyi-Lwos0Wm-xTpI3CN-Q' , 'Wednesday' , '11:0-19:30' ); 
insert into operating_hours values ('phyi-Lwos0Wm-xTpI3CN-Q' , 'Thursday' , '11:0-19:0' ); 
insert into operating_hours values ('phyi-Lwos0Wm-xTpI3CN-Q' , 'Friday' , '11:0-19:30' ); 
insert into operating_hours values ('phyi-Lwos0Wm-xTpI3CN-Q' , 'Saturday' , '12:0-20:0' ); 
insert into operating_hours values ('3daMYz7sP4-sokC46h8Nqw' , 'Monday' , '11:30-21:30' ); 
insert into operating_hours values ('3daMYz7sP4-sokC46h8Nqw' , 'Tuesday' , '11:30-21:30' ); 
insert into operating_hours values ('3daMYz7sP4-sokC46h8Nqw' , 'Wednesday' , '11:30-21:30' ); 
insert into operating_hours values ('3daMYz7sP4-sokC46h8Nqw' , 'Thursday' , '11:0-22:0' ); 
insert into operating_hours values ('3daMYz7sP4-sokC46h8Nqw' , 'Friday' , '11:0-22:0' ); 
insert into operating_hours values ('3daMYz7sP4-sokC46h8Nqw' , 'Saturday' , '11:0-22:0' ); 
insert into operating_hours values ('3daMYz7sP4-sokC46h8Nqw' , 'Sunday' , '11:0-21:30' ); 
insert into operating_hours values ('ktwp1VJiZkoS7tEAfPEc3A' , 'Monday' , '8:30-22:0' ); 
insert into operating_hours values ('ktwp1VJiZkoS7tEAfPEc3A' , 'Tuesday' , '8:30-22:0' ); 
insert into operating_hours values ('ktwp1VJiZkoS7tEAfPEc3A' , 'Wednesday' , '8:30-22:0' ); 
insert into operating_hours values ('ktwp1VJiZkoS7tEAfPEc3A' , 'Thursday' , '8:30-23:0' ); 
insert into operating_hours values ('ktwp1VJiZkoS7tEAfPEc3A' , 'Friday' , '8:30-1:0' ); 
insert into operating_hours values ('ktwp1VJiZkoS7tEAfPEc3A' , 'Saturday' , '9:0-1:0' ); 
insert into operating_hours values ('ktwp1VJiZkoS7tEAfPEc3A' , 'Sunday' , '9:0-21:0' ); 
insert into operating_hours values ('zsregYBAjaLi4jpsu24D7g' , 'Tuesday' , '11:0-21:0' ); 
insert into operating_hours values ('zsregYBAjaLi4jpsu24D7g' , 'Wednesday' , '11:0-21:0' ); 
insert into operating_hours values ('zsregYBAjaLi4jpsu24D7g' , 'Thursday' , '11:0-21:0' ); 
insert into operating_hours values ('zsregYBAjaLi4jpsu24D7g' , 'Friday' , '11:0-23:0' ); 
insert into operating_hours values ('zsregYBAjaLi4jpsu24D7g' , 'Saturday' , '11:0-23:0' ); 
insert into operating_hours values ('zsregYBAjaLi4jpsu24D7g' , 'Sunday' , '12:0-21:0' ); 
insert into operating_hours values ('jkEG9ZbTCq_qvrjBcBnSVw' , 'Monday' , '17:0-23:0' ); 
insert into operating_hours values ('jkEG9ZbTCq_qvrjBcBnSVw' , 'Tuesday' , '11:0-23:0' ); 
insert into operating_hours values ('jkEG9ZbTCq_qvrjBcBnSVw' , 'Wednesday' , '11:0-23:0' ); 
insert into operating_hours values ('jkEG9ZbTCq_qvrjBcBnSVw' , 'Thursday' , '11:0-23:0' ); 
insert into operating_hours values ('jkEG9ZbTCq_qvrjBcBnSVw' , 'Friday' , '11:0-23:0' ); 
insert into operating_hours values ('jkEG9ZbTCq_qvrjBcBnSVw' , 'Saturday' , '11:0-23:15' ); 
insert into operating_hours values ('jkEG9ZbTCq_qvrjBcBnSVw' , 'Sunday' , '12:0-23:0' ); 
insert into operating_hours values ('P2oqV71cwsi-GqFnxEKJqg' , 'Tuesday' , '12:0-21:0' ); 
insert into operating_hours values ('P2oqV71cwsi-GqFnxEKJqg' , 'Wednesday' , '12:0-21:0' ); 
insert into operating_hours values ('P2oqV71cwsi-GqFnxEKJqg' , 'Thursday' , '12:0-21:0' ); 
insert into operating_hours values ('P2oqV71cwsi-GqFnxEKJqg' , 'Friday' , '12:0-22:0' ); 
insert into operating_hours values ('P2oqV71cwsi-GqFnxEKJqg' , 'Saturday' , '12:0-21:0' ); 
insert into operating_hours values ('P2oqV71cwsi-GqFnxEKJqg' , 'Sunday' , '13:0-19:0' ); 
insert into operating_hours values ('1bfXQtaVRuwsuFzG64xjYw' , 'Monday' , '16:0-21:0' ); 
insert into operating_hours values ('1bfXQtaVRuwsuFzG64xjYw' , 'Wednesday' , '16:0-21:0' ); 
insert into operating_hours values ('1bfXQtaVRuwsuFzG64xjYw' , 'Thursday' , '16:0-21:0' ); 
insert into operating_hours values ('1bfXQtaVRuwsuFzG64xjYw' , 'Friday' , '16:0-22:0' ); 
insert into operating_hours values ('1bfXQtaVRuwsuFzG64xjYw' , 'Saturday' , '12:0-22:0' ); 
insert into operating_hours values ('1bfXQtaVRuwsuFzG64xjYw' , 'Sunday' , '12:0-21:0' ); 
insert into operating_hours values ('cHEfFcmVE9SU3i4mzfwaYw' , 'Monday' , '6:30-22:0' ); 
insert into operating_hours values ('cHEfFcmVE9SU3i4mzfwaYw' , 'Tuesday' , '6:30-22:0' ); 
insert into operating_hours values ('cHEfFcmVE9SU3i4mzfwaYw' , 'Wednesday' , '6:30-22:0' ); 
insert into operating_hours values ('cHEfFcmVE9SU3i4mzfwaYw' , 'Thursday' , '6:30-22:0' ); 
insert into operating_hours values ('cHEfFcmVE9SU3i4mzfwaYw' , 'Friday' , '6:30-22:0' ); 
insert into operating_hours values ('cHEfFcmVE9SU3i4mzfwaYw' , 'Saturday' , '7:0-22:0' ); 
insert into operating_hours values ('cHEfFcmVE9SU3i4mzfwaYw' , 'Sunday' , '7:0-22:0' ); 
insert into operating_hours values ('4r9MmXSPs7yDOWxf9mTOZA' , 'Thursday' , '8:0-13:0' ); 
insert into operating_hours values ('4r9MmXSPs7yDOWxf9mTOZA' , 'Friday' , '9:0-13:0' ); 
insert into operating_hours values ('4r9MmXSPs7yDOWxf9mTOZA' , 'Saturday' , '8:0-13:0' ); 
insert into operating_hours values ('4r9MmXSPs7yDOWxf9mTOZA' , 'Sunday' , '8:0-13:0' ); 
insert into operating_hours values ('cHEfFcmVE9SU3i4mzfwaYw' , 'Monday' , '6:30-22:0' ); 
insert into operating_hours values ('cHEfFcmVE9SU3i4mzfwaYw' , 'Tuesday' , '6:30-22:0' ); 
insert into operating_hours values ('cHEfFcmVE9SU3i4mzfwaYw' , 'Wednesday' , '6:30-22:0' ); 
insert into operating_hours values ('cHEfFcmVE9SU3i4mzfwaYw' , 'Thursday' , '6:30-22:0' ); 
insert into operating_hours values ('cHEfFcmVE9SU3i4mzfwaYw' , 'Friday' , '6:30-22:0' ); 
insert into operating_hours values ('cHEfFcmVE9SU3i4mzfwaYw' , 'Saturday' , '7:0-22:0' ); 
insert into operating_hours values ('cHEfFcmVE9SU3i4mzfwaYw' , 'Sunday' , '7:0-22:0' ); 
insert into operating_hours values ('SrfGTXkBIt-KOXBAiOB-lg' , 'Monday' , '0:0-0:0' ); 
insert into operating_hours values ('SrfGTXkBIt-KOXBAiOB-lg' , 'Tuesday' , '11:0-22:0' ); 
insert into operating_hours values ('SrfGTXkBIt-KOXBAiOB-lg' , 'Wednesday' , '11:0-22:0' ); 
insert into operating_hours values ('SrfGTXkBIt-KOXBAiOB-lg' , 'Thursday' , '11:0-22:0' ); 
insert into operating_hours values ('SrfGTXkBIt-KOXBAiOB-lg' , 'Friday' , '11:0-22:30' ); 
insert into operating_hours values ('SrfGTXkBIt-KOXBAiOB-lg' , 'Saturday' , '11:0-22:30' ); 
insert into operating_hours values ('SrfGTXkBIt-KOXBAiOB-lg' , 'Sunday' , '11:0-21:30' ); 
insert into operating_hours values ('t8UxhlFeHfLpD3Gz8Hh-3Q' , 'Monday' , '12:0-21:0' ); 
insert into operating_hours values ('t8UxhlFeHfLpD3Gz8Hh-3Q' , 'Tuesday' , '12:0-21:0' ); 
insert into operating_hours values ('t8UxhlFeHfLpD3Gz8Hh-3Q' , 'Wednesday' , '12:0-21:0' ); 
insert into operating_hours values ('t8UxhlFeHfLpD3Gz8Hh-3Q' , 'Thursday' , '12:0-21:0' ); 
insert into operating_hours values ('t8UxhlFeHfLpD3Gz8Hh-3Q' , 'Friday' , '12:0-21:0' ); 
insert into operating_hours values ('t8UxhlFeHfLpD3Gz8Hh-3Q' , 'Saturday' , '12:0-21:0' ); 
insert into operating_hours values ('t8UxhlFeHfLpD3Gz8Hh-3Q' , 'Sunday' , '12:0-17:0' ); 
insert into operating_hours values ('Wa9rpEPpWkEZWkeHbMs-hg' , 'Monday' , '11:0-20:0' ); 
insert into operating_hours values ('Wa9rpEPpWkEZWkeHbMs-hg' , 'Tuesday' , '11:0-21:0' ); 
insert into operating_hours values ('Wa9rpEPpWkEZWkeHbMs-hg' , 'Wednesday' , '11:0-21:0' ); 
insert into operating_hours values ('Wa9rpEPpWkEZWkeHbMs-hg' , 'Thursday' , '11:0-21:0' ); 
insert into operating_hours values ('Wa9rpEPpWkEZWkeHbMs-hg' , 'Friday' , '11:0-21:0' ); 
insert into operating_hours values ('Wa9rpEPpWkEZWkeHbMs-hg' , 'Saturday' , '12:0-22:0' ); 
insert into operating_hours values ('Wa9rpEPpWkEZWkeHbMs-hg' , 'Sunday' , '12:0-20:30' ); 
insert into operating_hours values ('trO1LOYVscfLy_7e1seVUA' , 'Monday' , '17:0-22:0' ); 
insert into operating_hours values ('trO1LOYVscfLy_7e1seVUA' , 'Tuesday' , '17:0-22:0' ); 
insert into operating_hours values ('trO1LOYVscfLy_7e1seVUA' , 'Wednesday' , '17:0-22:0' ); 
insert into operating_hours values ('trO1LOYVscfLy_7e1seVUA' , 'Thursday' , '17:0-23:0' ); 
insert into operating_hours values ('trO1LOYVscfLy_7e1seVUA' , 'Friday' , '11:30-0:0' ); 
insert into operating_hours values ('trO1LOYVscfLy_7e1seVUA' , 'Saturday' , '11:30-0:0' ); 
insert into operating_hours values ('trO1LOYVscfLy_7e1seVUA' , 'Sunday' , '12:0-22:0' ); 
insert into operating_hours values ('6p3Vhur5Y74Ur65Z_kaDCw' , 'Monday' , '11:0-22:0' ); 
insert into operating_hours values ('6p3Vhur5Y74Ur65Z_kaDCw' , 'Tuesday' , '11:0-22:0' ); 
insert into operating_hours values ('6p3Vhur5Y74Ur65Z_kaDCw' , 'Wednesday' , '11:0-22:0' ); 
insert into operating_hours values ('6p3Vhur5Y74Ur65Z_kaDCw' , 'Thursday' , '11:0-22:0' ); 
insert into operating_hours values ('6p3Vhur5Y74Ur65Z_kaDCw' , 'Friday' , '11:0-22:0' ); 
insert into operating_hours values ('6p3Vhur5Y74Ur65Z_kaDCw' , 'Saturday' , '11:0-22:0' ); 
insert into operating_hours values ('6p3Vhur5Y74Ur65Z_kaDCw' , 'Sunday' , '11:0-22:0' ); 
insert into operating_hours values ('OUzfOoeRg_OY4MChz7VguA' , 'Monday' , '17:30-22:0' ); 
insert into operating_hours values ('OUzfOoeRg_OY4MChz7VguA' , 'Tuesday' , '17:30-22:0' ); 
insert into operating_hours values ('OUzfOoeRg_OY4MChz7VguA' , 'Wednesday' , '17:30-22:0' ); 
insert into operating_hours values ('OUzfOoeRg_OY4MChz7VguA' , 'Thursday' , '17:30-22:0' ); 
insert into operating_hours values ('OUzfOoeRg_OY4MChz7VguA' , 'Friday' , '17:30-22:0' ); 
insert into operating_hours values ('OUzfOoeRg_OY4MChz7VguA' , 'Saturday' , '17:30-22:0' ); 
insert into operating_hours values ('OUzfOoeRg_OY4MChz7VguA' , 'Sunday' , '17:30-22:0' ); 
insert into operating_hours values ('90XZXjKo4ol0BqyOBQoJ8g' , 'Monday' , '8:0-22:0' ); 
insert into operating_hours values ('90XZXjKo4ol0BqyOBQoJ8g' , 'Tuesday' , '8:0-22:0' ); 
insert into operating_hours values ('90XZXjKo4ol0BqyOBQoJ8g' , 'Wednesday' , '8:0-22:0' ); 
insert into operating_hours values ('90XZXjKo4ol0BqyOBQoJ8g' , 'Thursday' , '8:0-22:0' ); 
insert into operating_hours values ('90XZXjKo4ol0BqyOBQoJ8g' , 'Friday' , '8:0-22:0' ); 
insert into operating_hours values ('90XZXjKo4ol0BqyOBQoJ8g' , 'Saturday' , '8:0-22:0' ); 
insert into operating_hours values ('90XZXjKo4ol0BqyOBQoJ8g' , 'Sunday' , '8:0-22:0' ); 
insert into operating_hours values ('PySoEDAeoksJcVCJi8Sjzg' , 'Monday' , '11:30-22:0' ); 
insert into operating_hours values ('PySoEDAeoksJcVCJi8Sjzg' , 'Tuesday' , '11:30-22:0' ); 
insert into operating_hours values ('PySoEDAeoksJcVCJi8Sjzg' , 'Wednesday' , '11:30-22:0' ); 
insert into operating_hours values ('PySoEDAeoksJcVCJi8Sjzg' , 'Thursday' , '11:30-22:0' ); 
insert into operating_hours values ('PySoEDAeoksJcVCJi8Sjzg' , 'Friday' , '11:0-0:0' ); 
insert into operating_hours values ('PySoEDAeoksJcVCJi8Sjzg' , 'Saturday' , '11:30-22:0' ); 
insert into operating_hours values ('PySoEDAeoksJcVCJi8Sjzg' , 'Sunday' , '11:30-22:0' ); 
insert into operating_hours values ('R8fLQ6TLz06MQR69KQJ83g' , 'Monday' , '0:0-0:0' ); 
insert into operating_hours values ('R8fLQ6TLz06MQR69KQJ83g' , 'Tuesday' , '11:0-21:0' ); 
insert into operating_hours values ('R8fLQ6TLz06MQR69KQJ83g' , 'Wednesday' , '11:0-22:0' ); 
insert into operating_hours values ('R8fLQ6TLz06MQR69KQJ83g' , 'Thursday' , '11:0-22:0' ); 
insert into operating_hours values ('R8fLQ6TLz06MQR69KQJ83g' , 'Friday' , '11:0-22:0' ); 
insert into operating_hours values ('R8fLQ6TLz06MQR69KQJ83g' , 'Saturday' , '11:0-22:0' ); 
insert into operating_hours values ('R8fLQ6TLz06MQR69KQJ83g' , 'Sunday' , '11:0-22:0' ); 
insert into operating_hours values ('AUi0btdCgk5izXYfKeWxSA' , 'Monday' , '6:0-20:30' ); 
insert into operating_hours values ('AUi0btdCgk5izXYfKeWxSA' , 'Tuesday' , '6:0-20:30' ); 
insert into operating_hours values ('AUi0btdCgk5izXYfKeWxSA' , 'Wednesday' , '6:0-20:30' ); 
insert into operating_hours values ('AUi0btdCgk5izXYfKeWxSA' , 'Thursday' , '6:0-20:30' ); 
insert into operating_hours values ('AUi0btdCgk5izXYfKeWxSA' , 'Friday' , '6:0-20:30' ); 
insert into operating_hours values ('AUi0btdCgk5izXYfKeWxSA' , 'Saturday' , '6:0-20:30' ); 
insert into operating_hours values ('AUi0btdCgk5izXYfKeWxSA' , 'Sunday' , '6:0-19:30' ); 
insert into operating_hours values ('JVrYckDkbHXYK7RYyShDwA' , 'Tuesday' , '6:0-14:0' ); 
insert into operating_hours values ('JVrYckDkbHXYK7RYyShDwA' , 'Wednesday' , '6:0-14:0' ); 
insert into operating_hours values ('JVrYckDkbHXYK7RYyShDwA' , 'Thursday' , '6:0-14:0' ); 
insert into operating_hours values ('JVrYckDkbHXYK7RYyShDwA' , 'Friday' , '6:0-14:0' ); 
insert into operating_hours values ('JVrYckDkbHXYK7RYyShDwA' , 'Saturday' , '7:30-14:0' ); 
insert into operating_hours values ('JVrYckDkbHXYK7RYyShDwA' , 'Sunday' , '7:30-14:0' ); 
insert into operating_hours values ('S2RKI9wDmI4Y5KOM1fgRzQ' , 'Monday' , '11:0-22:0' ); 
insert into operating_hours values ('S2RKI9wDmI4Y5KOM1fgRzQ' , 'Tuesday' , '11:0-22:0' ); 
insert into operating_hours values ('S2RKI9wDmI4Y5KOM1fgRzQ' , 'Wednesday' , '11:0-22:0' ); 
insert into operating_hours values ('S2RKI9wDmI4Y5KOM1fgRzQ' , 'Thursday' , '11:0-22:0' ); 
insert into operating_hours values ('S2RKI9wDmI4Y5KOM1fgRzQ' , 'Friday' , '11:0-22:0' ); 
insert into operating_hours values ('S2RKI9wDmI4Y5KOM1fgRzQ' , 'Saturday' , '11:0-22:0' ); 
insert into operating_hours values ('S2RKI9wDmI4Y5KOM1fgRzQ' , 'Sunday' , '12:0-20:0' ); 
insert into operating_hours values ('CcKKrDq-HdOAhDHAEDjRIQ' , 'Monday' , '11:0-22:0' ); 
insert into operating_hours values ('CcKKrDq-HdOAhDHAEDjRIQ' , 'Tuesday' , '11:0-22:0' ); 
insert into operating_hours values ('CcKKrDq-HdOAhDHAEDjRIQ' , 'Wednesday' , '11:0-22:0' ); 
insert into operating_hours values ('CcKKrDq-HdOAhDHAEDjRIQ' , 'Thursday' , '11:0-22:0' ); 
insert into operating_hours values ('CcKKrDq-HdOAhDHAEDjRIQ' , 'Friday' , '11:0-22:0' ); 
insert into operating_hours values ('CcKKrDq-HdOAhDHAEDjRIQ' , 'Saturday' , '9:0-22:0' ); 
insert into operating_hours values ('CcKKrDq-HdOAhDHAEDjRIQ' , 'Sunday' , '9:0-15:0' ); 
insert into operating_hours values ('wfOm2Km25UvJabTk-Zmf2w' , 'Monday' , '11:0-21:30' ); 
insert into operating_hours values ('wfOm2Km25UvJabTk-Zmf2w' , 'Wednesday' , '11:0-21:30' ); 
insert into operating_hours values ('wfOm2Km25UvJabTk-Zmf2w' , 'Thursday' , '11:0-21:30' ); 
insert into operating_hours values ('wfOm2Km25UvJabTk-Zmf2w' , 'Friday' , '11:0-22:0' ); 
insert into operating_hours values ('wfOm2Km25UvJabTk-Zmf2w' , 'Saturday' , '11:0-22:0' ); 
insert into operating_hours values ('wfOm2Km25UvJabTk-Zmf2w' , 'Sunday' , '12:0-21:30' ); 
insert into operating_hours values ('4vTcNB_WWe1pDbh7mFy_Vw' , 'Monday' , '10:30-20:30' ); 
insert into operating_hours values ('4vTcNB_WWe1pDbh7mFy_Vw' , 'Tuesday' , '10:30-20:30' ); 
insert into operating_hours values ('4vTcNB_WWe1pDbh7mFy_Vw' , 'Thursday' , '10:30-20:30' ); 
insert into operating_hours values ('4vTcNB_WWe1pDbh7mFy_Vw' , 'Friday' , '10:30-20:30' ); 
insert into operating_hours values ('4vTcNB_WWe1pDbh7mFy_Vw' , 'Saturday' , '10:30-20:30' ); 
insert into operating_hours values ('4vTcNB_WWe1pDbh7mFy_Vw' , 'Sunday' , '10:30-20:30' ); 
insert into operating_hours values ('CDBEbIkhk7nA9XNDgWhXog' , 'Monday' , '0:0-0:0' ); 
insert into operating_hours values ('CDBEbIkhk7nA9XNDgWhXog' , 'Tuesday' , '11:0-17:0' ); 
insert into operating_hours values ('CDBEbIkhk7nA9XNDgWhXog' , 'Thursday' , '11:0-16:0' ); 
insert into operating_hours values ('CDBEbIkhk7nA9XNDgWhXog' , 'Friday' , '16:0-21:0' ); 
insert into operating_hours values ('CDBEbIkhk7nA9XNDgWhXog' , 'Saturday' , '16:0-21:0' ); 
insert into operating_hours values ('CDBEbIkhk7nA9XNDgWhXog' , 'Sunday' , '16:0-21:0' ); 
insert into operating_hours values ('O0KZvdZkoQ-m5YBRdWjD6Q' , 'Monday' , '10:0-19:0' ); 
insert into operating_hours values ('O0KZvdZkoQ-m5YBRdWjD6Q' , 'Tuesday' , '10:0-19:0' ); 
insert into operating_hours values ('O0KZvdZkoQ-m5YBRdWjD6Q' , 'Wednesday' , '10:0-19:0' ); 
insert into operating_hours values ('O0KZvdZkoQ-m5YBRdWjD6Q' , 'Thursday' , '10:0-19:0' ); 
insert into operating_hours values ('O0KZvdZkoQ-m5YBRdWjD6Q' , 'Friday' , '10:0-19:0' ); 
insert into operating_hours values ('O0KZvdZkoQ-m5YBRdWjD6Q' , 'Saturday' , '10:0-19:0' ); 
insert into operating_hours values ('O0KZvdZkoQ-m5YBRdWjD6Q' , 'Sunday' , '11:0-17:0' ); 
insert into operating_hours values ('CinEIeyX2edUlqDmL-hxuA' , 'Monday' , '18:0-2:0' ); 
insert into operating_hours values ('CinEIeyX2edUlqDmL-hxuA' , 'Tuesday' , '18:0-2:0' ); 
insert into operating_hours values ('CinEIeyX2edUlqDmL-hxuA' , 'Wednesday' , '18:0-2:0' ); 
insert into operating_hours values ('CinEIeyX2edUlqDmL-hxuA' , 'Thursday' , '18:0-2:0' ); 
insert into operating_hours values ('CinEIeyX2edUlqDmL-hxuA' , 'Friday' , '18:0-3:30' ); 
insert into operating_hours values ('CinEIeyX2edUlqDmL-hxuA' , 'Saturday' , '18:0-3:0' ); 
insert into operating_hours values ('CinEIeyX2edUlqDmL-hxuA' , 'Sunday' , '21:0-2:30' ); 
insert into operating_hours values ('r60q_FjIRkZjeEGUjIqOlA' , 'Monday' , '11:0-21:30' ); 
insert into operating_hours values ('r60q_FjIRkZjeEGUjIqOlA' , 'Tuesday' , '11:0-21:30' ); 
insert into operating_hours values ('r60q_FjIRkZjeEGUjIqOlA' , 'Wednesday' , '11:0-21:30' ); 
insert into operating_hours values ('r60q_FjIRkZjeEGUjIqOlA' , 'Thursday' , '11:0-21:30' ); 
insert into operating_hours values ('r60q_FjIRkZjeEGUjIqOlA' , 'Friday' , '11:0-22:30' ); 
insert into operating_hours values ('r60q_FjIRkZjeEGUjIqOlA' , 'Saturday' , '11:0-22:30' ); 
insert into operating_hours values ('r9HU6kTQLWp5J9WI-e62QQ' , 'Wednesday' , '17:0-2:0' ); 
insert into operating_hours values ('r9HU6kTQLWp5J9WI-e62QQ' , 'Thursday' , '17:0-2:0' ); 
insert into operating_hours values ('r9HU6kTQLWp5J9WI-e62QQ' , 'Friday' , '17:0-2:0' ); 
insert into operating_hours values ('r9HU6kTQLWp5J9WI-e62QQ' , 'Saturday' , '19:0-2:0' ); 
insert into operating_hours values ('ipDXqgUMDzW_0Dn6-IkJ9g' , 'Tuesday' , '17:0-22:0' ); 
insert into operating_hours values ('ipDXqgUMDzW_0Dn6-IkJ9g' , 'Wednesday' , '17:0-22:0' ); 
insert into operating_hours values ('ipDXqgUMDzW_0Dn6-IkJ9g' , 'Thursday' , '17:0-22:0' ); 
insert into operating_hours values ('ipDXqgUMDzW_0Dn6-IkJ9g' , 'Friday' , '17:0-22:0' ); 
insert into operating_hours values ('ipDXqgUMDzW_0Dn6-IkJ9g' , 'Saturday' , '10:30-22:0' ); 
insert into operating_hours values ('ipDXqgUMDzW_0Dn6-IkJ9g' , 'Sunday' , '10:30-22:0' ); 


insert into amenities values ( 'ynTjh_FdhbG5hY69HsEoaA' , 'Y' , 'Y' , 'N' , 'full_bar' ); 
insert into amenities values ( 'jx91IMdGOmLOo8h_F9z39g' , 'Y' , 'Y' , 'N' , 'full_bar' ); 
insert into amenities values ( 'z-0oY7VxQMQw3JHvdPejrA' , 'Y' , 'Y' , 'N' , 'full_bar' ); 
insert into amenities values ( 'Mf9io8WkMyGautXuSSfGTg' , 'Y' , 'Y' , 'Y' , 'full_bar' ); 
insert into amenities values ( '_8Hejg5Q-_izIhLvq2ocnw' , 'Y' , 'Y' , 'Y' , 'beer_and_wine' ); 
insert into amenities values ( 'TbZDLpBOl-EbO2LfMySrEg' , 'Y' , 'N' , 'N' , 'beer_and_wine' ); 
insert into amenities values ( '9C2lhZ4qRH5H2zMjmto1ng' , 'Y' , 'N' , 'N' , 'beer_and_wine' ); 
insert into amenities values ( 'FfMD15rgA4gHG9beoEkZ8Q' , 'Y' , 'N' , 'N' , 'full_bar' ); 
insert into amenities values ( 'zYMjNc-Q7-T238SHylKgKA' , 'Y' , 'N' , 'N' , 'full_bar' ); 
insert into amenities values ( '7ee6XyKyeduI-Rbc6L5j2Q' , 'Y' , 'Y' , 'N' , 'beer_and_wine' ); 
insert into amenities values ( 'FJ-r3hOMbcq0p7Z5yH9oew' , 'Y' , 'N' , 'Y' , 'full_bar' ); 
insert into amenities values ( 'AaNj_9KNy9t1H1cu1NCNLQ' , 'Y' , 'Y' , 'Y' , 'full_bar' ); 
insert into amenities values ( 'wVlxPWwFL-MrzCXim-UfWg' , 'Y' , 'Y' , 'Y' , 'beer_and_wine' ); 
insert into amenities values ( 'RzpmK85n8n8RE4Th8GFAog' , 'Y' , 'N' , 'N' , ''); 
insert into amenities values ( 'w4h0Bq9-CTznhi5tudupaw' , 'Y' , 'N' , 'N' , 'full_bar' ); 
insert into amenities values ( 'q5VXVDhIeFlfofTn_PKxCQ' , 'Y' , 'Y' , 'N' , 'full_bar' ); 
insert into amenities values ( 'HOQw78QIGe3shVx5rMpiCw' , 'Y' , 'N' , 'N' , 'full_bar' ); 
insert into amenities values ( 'A-xLw4u4wYusT1A2N-1Vxw' , 'Y' , 'Y' , 'N' , 'none' ); 
insert into amenities values ( 'ryXq_-3CVN343v5t0w6PaQ' , 'Y' , 'N' , 'N' , ''); 
insert into amenities values ( 'r8pjKaza0jJLF9g0aeFVYA' , 'Y' , 'N' , 'N' , '' ); 
insert into amenities values ( 'dd3moZV5D516pE9TcQnHsA' , 'Y' , 'N' , 'N' , ''); 
insert into amenities values ( 'jVEZVYCGGUgeTcA_aPG8fQ' , 'Y' , 'Y' , 'Y' , 'full_bar' ); 
insert into amenities values ( 'OFwU816bVkCB7jMXbn1T_w' , 'Y' , 'Y' , 'N' , 'full_bar' ); 
insert into amenities values ( 'rDLPdfI6TOsQlTf6AQaCTA' , 'Y' , 'Y' , 'N' , 'beer_and_wine' ); 
insert into amenities values ( 'NQOTxi8C7pOSdgHcL1bT1g' , 'Y' , 'N' , 'N' , 'full_bar' ); 
insert into amenities values ( '3JrdnGYWUzUzepplmi7HlA' , 'Y' , 'Y' , 'N' , 'beer_and_wine' ); 
insert into amenities values ( 'MASEgGo5kk8AKnMP4s5MRg' , 'Y' , 'Y' , 'Y' , 'none' ); 
insert into amenities values ( 'yfRiuIjdcbUPWDnBHAY02A' , 'Y' , 'N' , 'N' , 'full_bar' ); 
insert into amenities values ( 'QsSq4K2eIJJ2un0uCPMDOQ' , 'Y' , 'Y' , 'Y' , 'none' ); 
insert into amenities values ( 'DM_Ge3Feh-4xnIrHIDg4uw' , 'Y' , 'Y' , 'Y' , 'full_bar' ); 
insert into amenities values ( 'AiqkdXibOyg-u2VZNfJRUQ' , 'Y' , 'N' , 'N' , ''); 
insert into amenities values ( 'ksh-iVeFaRJ65uwY7Kk9QA' , 'Y' , 'N' , 'N' , 'full_bar' ); 
insert into amenities values ( 'ZHbiidBB8LVmh_hQQbRjig' , 'Y' , 'Y' , 'N' , 'none' ); 
insert into amenities values ( 'mKgqjVBcEJD3JwEx1k27jQ' , 'Y' , 'N' , 'N' , ''); 
insert into amenities values ( 'qoe_JAUbIpSnJDx3eLL57g' , 'Y' , 'N' , 'N' , ''); 
insert into amenities values ( 'EGsftsHMWmKF3mc2UQoQug' , 'Y' , 'Y' , 'N' , 'beer_and_wine' ); 
insert into amenities values ( 'seMaQ-_ZxBHzOdAHaiogMA' , 'Y' , 'Y' , 'N' , 'none' ); 
insert into amenities values ( '_cxOC-jzriK2zcQj2QxBcw' , 'Y' , 'Y' , 'N' , 'none' ); 
insert into amenities values ( 'mQH9GkuKJCh8VCe5acMtUw' , 'Y' , 'N' , 'N' , 'full_bar' ); 
insert into amenities values ( '2T5i_nNQVIMNuCzm7qtVxw' , 'Y' , 'Y' , 'N' , 'none' ); 
insert into amenities values ( 'LptUcswBlIpNZ91f6pLITA' , 'Y' , 'Y' , 'N' , 'full_bar' ); 
insert into amenities values ( 'WPrY9K874pABkAqSxO17nw' , 'Y' , 'Y' , 'N' , 'full_bar' ); 
insert into amenities values ( 'wLHLYa0DmjARl7tE2GSZdw' , 'Y' , 'N' , 'Y' , 'full_bar' ); 
insert into amenities values ( 'y-Sq3xsXXjugqHgmP2IMzA' , 'Y' , 'N' , 'Y' , 'none' ); 
insert into amenities values ( 'sNDfYZP9OYypywbi33aSxw' , 'Y' , 'Y' , 'N' , 'beer_and_wine' ); 
insert into amenities values ( 'nC7jjDPdHwtinKSXpOHpNw' , 'Y' , 'N' , 'N' , 'none' ); 
insert into amenities values ( 'NE7h2eCXPy36xpSTUUQkHg' , 'Y' , 'N' , 'N' , 'full_bar' ); 
insert into amenities values ( 'k9pj2T4P1JXer35L6GwkGg' , 'Y' , 'N' , 'N' , 'none' ); 
insert into amenities values ( 'Oj5Seggqo_2FfKSjcAg7yw' , 'Y' , 'Y' , 'N' , 'full_bar' ); 
insert into amenities values ( 'i4pp2IZZMaDpvExOVEcwlg' , 'Y' , 'N' , 'N' , ''); 
insert into amenities values ( 'yNSC_jiaEfMAZBeLU77G4Q' , 'Y' , 'Y' , 'N' , 'full_bar' ); 
insert into amenities values ( 'ZwZRd0vUKdHM_wK0SyQOYA' , 'Y' , 'N' , 'N' , 'full_bar' ); 
insert into amenities values ( 'uyvvzHJ9tlXZ-DEbCJ81Zg' , 'Y' , 'N' , 'Y' , 'full_bar' ); 
insert into amenities values ( 'qXJZPNdrpTCnVit3Ks0uuQ' , 'Y' , 'Y' , 'Y' , ''); 
insert into amenities values ( 'g1A8_6azF0k-tG54s3PfKw' , 'Y' , 'Y' , 'N' , 'full_bar' ); 
insert into amenities values ( 'hHoEzwQZgRmH62rTwzBrLw' , 'Y' , 'Y' , 'N' , 'full_bar' ); 
insert into amenities values ( '3XrqDZs5Ay-AxFXw1RpUPg' , 'Y' , 'N' , 'Y' , 'beer_and_wine' ); 
insert into amenities values ( 'beT8jsLKj0RTCu2D7mjWdg' , 'Y' , 'N' , 'N' , ''); 
insert into amenities values ( 'LrE5Rqg4pBRwgDfk3toOAw' , 'Y' , 'N' , 'N' , 'beer_and_wine' ); 
insert into amenities values ( 'eXCJpiJkC9nocc-KW9H0lA' , 'Y' , 'N' , 'N' , ''); 
insert into amenities values ( 'DYX8d1r4PwAVdRmP2BP9zQ' , 'Y' , 'N' , 'N' , 'beer_and_wine' ); 
insert into amenities values ( '9pA2xi24tlBIaQgbMtxrYg' , 'Y' , 'N' , 'N' , 'full_bar' ); 
insert into amenities values ( '5fnNo4rDu5lD_5HCPdXgAQ' , 'Y' , 'N' , 'N' , 'none' ); 
insert into amenities values ( 'yigIhEu7Qd2rnQgpeAbI1A' , 'Y' , 'N' , 'N' , 'none' ); 
insert into amenities values ( 'hIlZJbyv5JsFyeylwoZFiA' , 'Y' , 'N' , 'N' , 'none' ); 
insert into amenities values ( 'phyi-Lwos0Wm-xTpI3CN-Q' , 'Y' , 'N' , 'N' , 'none' ); 
insert into amenities values ( '3daMYz7sP4-sokC46h8Nqw' , 'Y' , 'Y' , 'N' , 'full_bar' ); 
insert into amenities values ( 'ktwp1VJiZkoS7tEAfPEc3A' , 'Y' , 'Y' , 'N' , 'full_bar' ); 
insert into amenities values ( 'zsregYBAjaLi4jpsu24D7g' , 'Y' , 'N' , 'N' , 'beer_and_wine' ); 
insert into amenities values ( 'jkEG9ZbTCq_qvrjBcBnSVw' , 'Y' , 'Y' , 'Y' , 'beer_and_wine' ); 
insert into amenities values ( 'P2oqV71cwsi-GqFnxEKJqg' , 'Y' , 'N' , 'N' , ''); 
insert into amenities values ( '1bfXQtaVRuwsuFzG64xjYw' , 'Y' , 'Y' , 'N' , 'beer_and_wine' ); 
insert into amenities values ( 'mcR7aiqw9W3dFlHF6kzAnw' , 'Y' , 'N' , 'N' , 'beer_and_wine' ); 
insert into amenities values ( 'cHEfFcmVE9SU3i4mzfwaYw' , 'Y' , 'Y' , 'N' , 'full_bar' ); 
insert into amenities values ( 'mcR7aiqw9W3dFlHF6kzAnw' , 'Y' , 'N' , 'N' , 'beer_and_wine' ); 
insert into amenities values ( '4r9MmXSPs7yDOWxf9mTOZA' , 'Y' , 'Y' , 'N' , 'none' ); 
insert into amenities values ( 'cHEfFcmVE9SU3i4mzfwaYw' , 'Y' , 'Y' , 'N' , 'full_bar' ); 
insert into amenities values ( 'mcR7aiqw9W3dFlHF6kzAnw' , 'Y' , 'N' , 'N' , 'beer_and_wine' ); 
insert into amenities values ( '1G6ItSVKRj1ipHM6lQB2mw' , 'Y' , 'N' , 'N' , ''); 
insert into amenities values ( 'NNtAEHBz5DKYmc4m6guhNQ' , 'Y' , 'N' , 'N' , '' ); 
insert into amenities values ( 'SrfGTXkBIt-KOXBAiOB-lg' , 'Y' , 'N' , 'Y' , 'full_bar' ); 
insert into amenities values ( 't8UxhlFeHfLpD3Gz8Hh-3Q' , 'Y' , 'Y' , 'Y' , 'beer_and_wine' ); 
insert into amenities values ( 'IJ0ZAJkYSVXv2lEK7tbZyg' , 'Y' , 'N' , 'N' , 'none' ); 
insert into amenities values ( 'Wa9rpEPpWkEZWkeHbMs-hg' , 'Y' , 'Y' , 'N' , 'beer_and_wine' ); 
insert into amenities values ( 'trO1LOYVscfLy_7e1seVUA' , 'Y' , 'Y' , 'N' , 'full_bar' ); 
insert into amenities values ( '6p3Vhur5Y74Ur65Z_kaDCw' , 'Y' , 'N' , 'N' , 'beer_and_wine' ); 
insert into amenities values ( '677Xmx4rU6QInYBSoomOgQ' , 'Y' , 'N' , 'N' , 'full_bar' ); 
insert into amenities values ( 'OUzfOoeRg_OY4MChz7VguA' , 'Y' , 'Y' , 'N' , 'full_bar' ); 
insert into amenities values ( '90XZXjKo4ol0BqyOBQoJ8g' , 'Y' , 'Y' , 'N' , 'full_bar' ); 
insert into amenities values ( 'PySoEDAeoksJcVCJi8Sjzg' , 'Y' , 'Y' , 'Y' , 'full_bar' ); 
insert into amenities values ( 'CAaFxIswcY2IYpk3pVk3TQ' , 'Y' , 'N' , 'N' , 'beer_and_wine' ); 
insert into amenities values ( 'R8fLQ6TLz06MQR69KQJ83g' , 'Y' , 'Y' , 'N' , 'full_bar' ); 
insert into amenities values ( '1CHPSnEh4axD10HCqe8k-A' , 'Y' , 'N' , 'N' , 'full_bar' ); 
insert into amenities values ( 'AUi0btdCgk5izXYfKeWxSA' , 'Y' , 'Y' , 'N' , 'none' ); 
insert into amenities values ( 'JVrYckDkbHXYK7RYyShDwA' , 'Y' , 'N' , 'N' , 'none' ); 
insert into amenities values ( 'S2RKI9wDmI4Y5KOM1fgRzQ' , 'Y' , 'Y' , 'N' , 'none' ); 
insert into amenities values ( 'CcKKrDq-HdOAhDHAEDjRIQ' , 'Y' , 'Y' , 'N' , 'full_bar' ); 
insert into amenities values ( 'wfOm2Km25UvJabTk-Zmf2w' , 'Y' , 'Y' , 'Y' , 'beer_and_wine' ); 
insert into amenities values ( 'vEK16RsDLiMJrw9MXH5K-Q' , 'Y' , 'Y' , 'N' , 'none' ); 
insert into amenities values ( '4vTcNB_WWe1pDbh7mFy_Vw' , 'Y' , 'N' , 'N' , 'none' ); 
insert into amenities values ( 'vEK16RsDLiMJrw9MXH5K-Q' , 'Y' , 'Y' , 'N' , 'none' ); 
insert into amenities values ( 'CDBEbIkhk7nA9XNDgWhXog' , 'Y' , 'N' , 'N' , 'beer_and_wine' ); 
insert into amenities values ( 'ATSt2J8_6SsLf8RufBn0Yw' , 'Y' , 'Y' , 'Y' , 'beer_and_wine' ); 
insert into amenities values ( 'O0KZvdZkoQ-m5YBRdWjD6Q' , 'Y' , 'Y' , 'Y' , ' '); 
insert into amenities values ( 'CinEIeyX2edUlqDmL-hxuA' , 'Y' , 'Y' , 'Y' , 'full_bar' ); 
insert into amenities values ( 'r9HU6kTQLWp5J9WI-e62QQ' , 'Y' , 'N' , 'N' , 'full_bar' ); 
insert into amenities values ( 'ipDXqgUMDzW_0Dn6-IkJ9g' , 'Y' , 'Y' , 'Y' , 'full_bar' ); 


INSERT INTO users(Email, phone, name,dob) VALUES('ramu@gmail.com', '2013445687', 'ramu', '1999-09-12');
INSERT INTO users(Email, phone, name,dob) VALUES('roo@gmail.com', '2013445697', 'roo', '2006-09-01');
INSERT INTO users(Email, phone, name,dob) VALUES('rami@gmail.com', '2013440987', 'rami', '1999-09-13');
INSERT INTO users(Email, phone, name,dob) VALUES('ramiya@gmail.com', '2013345687', 'ramiya', '1999-10-01');
INSERT INTO users(Email, phone, name,dob) VALUES('chris@gmail.com', '2013434687', 'chris', '1999-09-29');
INSERT INTO users(Email, phone, name,dob) VALUES('gayle@gmail.com', '2013448787', 'gayle', '2010-09-11');
INSERT INTO users(Email, phone, name,dob) VALUES('poly@gmail.com', '2013442387', 'poly', '1999-08-01');
INSERT INTO users(Email, phone, name,dob) VALUES('ruinan@gmail.com', '2013755687', 'ruinan', '1999-06-04');
INSERT INTO users(Email, phone, name,dob) VALUES('ramp@gmail.com', '2013445817', 'ramp', '2003-10-01');
INSERT INTO users(Email, phone, name,dob) VALUES('ini@gmail.com', '2013445457', 'ini', '1999-09-01');
INSERT INTO users(Email, phone, name,dob) VALUES('ranjan@gmail.com', '2011245687', 'ranjan', '1999-09-12');
INSERT INTO users(Email, phone, name,dob) VALUES('rima@gmail.com', '2013467697', 'rima', '2007-09-01');
INSERT INTO users(Email, phone, name,dob) VALUES('tou@gmail.com', '2013442487', 'tou', '1992-09-13');
INSERT INTO users(Email, phone, name,dob) VALUES('yan@gmail.com', '2013348787', 'yan', '1999-11-01');
INSERT INTO users(Email, phone, name,dob) VALUES('chrisly@gmail.com', '2023434687', 'chrisly', '1997-09-29');
INSERT INTO users(Email, phone, name,dob) VALUES('gayle@gmail.com', '2013768787', 'gaylekim', '2010-09-11');
INSERT INTO users(Email, phone, name,dob) VALUES('polymy@gmail.com', '2012342387', 'polymy', '1999-09-01');
INSERT INTO users(Email, phone, name,dob) VALUES('rui@gmail.com', '2013759887', 'rui', '1999-02-04');
INSERT INTO users(Email, phone, name,dob) VALUES('rampu@gmail.com', '2013185817', 'rampu', '2003-11-01');
INSERT INTO users(Email, phone, name,dob) VALUES('init@gmail.com', '2013481457', 'init', '1999-09-06');

INSERT INTO users_address(u_email, Address_line,city) VALUES('ramu@gmail.com', '921 Pearl St' , 'Boulder' );
INSERT INTO users_address(u_email, Address_line,city) VALUES('roo@gmail.com', '7000 NE Airport Way' , 'Portland');
INSERT INTO users_address(u_email, Address_line,city) VALUES('rami@gmail.com', '4720 Hawthorne Ave' , 'Portland');
INSERT INTO users_address(u_email, Address_line,city) VALUES('ramiya@gmail.com', '2566 Enterprise Rd' , 'Orange City');
INSERT INTO users_address(u_email, Address_line,city) VALUES('chris@gmail.com', '1046 Memorial Dr SE' , 'Atlanta');
INSERT INTO users_address(u_email, Address_line,city) VALUES('gayle@gmail.com', '3755 Main St' , 'Vancouver');
INSERT INTO users_address(u_email, Address_line,city) VALUES('poly@gmail.com', '2511 Edgewater Dr' , 'Orlando');
INSERT INTO users_address(u_email, Address_line,city) VALUES('ruinan@gmail.com', '740 S High St' , 'Columbus' );
INSERT INTO users_address(u_email, Address_line,city) VALUES('ramp@gmail.com', '615 W Slaughter Ln, Ste 113' , 'Austin');
INSERT INTO users_address(u_email, Address_line,city) VALUES('ini@gmail.com', '7801 N Lamar Blvd, Ste A140' , 'Austin' );
INSERT INTO users_address(u_email, Address_line,city) VALUES('ranjan@gmail.com', '615 W Slaughter Ln, Ste 113' , 'Austin');
INSERT INTO users_address(u_email, Address_line,city) VALUES('rima@gmail.com', '100 Clematis Dr' , 'Boulder');
INSERT INTO users_address(u_email, Address_line,city) VALUES('tou@gmail.com', '124 Newbury St, Unit C' , 'Peabody');
INSERT INTO users_address(u_email, Address_line,city) VALUES('yan@gmail.com', '474 Lowell St' , 'Peabody');
INSERT INTO users_address(u_email, Address_line,city) VALUES('chrisly@gmail.com','247 E Michigan St' , 'Orlando');
INSERT INTO users_address(u_email, Address_line,city) VALUES('gayle@gmail.com', '225 E Main St' , 'Columbus');
INSERT INTO users_address(u_email, Address_line,city) VALUES('polymy@gmail.com','5510 Memorial Dr' , 'Stone Mountain');
INSERT INTO users_address(u_email, Address_line,city) VALUES('rui@gmail.com', '4787 W Irlo Bronson Hwy' , 'Kissimmee');
INSERT INTO users_address(u_email, Address_line,city) VALUES('rampu@gmail.com', '2 Florence St' , 'Malden');
INSERT INTO users_address(u_email, Address_line,city) VALUES('init@gmail.com', '350 W Sand Lake Rd' , 'Pine Castle');

INSERT INTO Coupons(coupon_id,Expiry_date,Discount_amt) VALUES('AABBCCDDXX','2022-09-12',20);
INSERT INTO Coupons(coupon_id,Expiry_date,Discount_amt) VALUES('AACVCCDDXX','2022-10-12',20);
INSERT INTO Coupons(coupon_id,Expiry_date,Discount_amt) VALUES('AATYCCDDXX','2022-09-11',50);
INSERT INTO Coupons(coupon_id,Expiry_date,Discount_amt) VALUES('AADFCCDDXX','2022-05-15',80);
INSERT INTO Coupons(coupon_id,Expiry_date,Discount_amt) VALUES('AAJHCCDDXX','2022-07-12',20);
INSERT INTO Coupons(coupon_id,Expiry_date,Discount_amt) VALUES('AAYHCCDDXX','2022-01-15',90);
INSERT INTO Coupons(coupon_id,Expiry_date,Discount_amt) VALUES('AAQACCDDXX','2022-04-19',30);
INSERT INTO Coupons(coupon_id,Expiry_date,Discount_amt) VALUES('AAJXCCDDXX','2022-08-12',45);
INSERT INTO Coupons(coupon_id,Expiry_date,Discount_amt) VALUES('AAWSCCDDXX','2022-02-10',50);
INSERT INTO Coupons(coupon_id,Expiry_date,Discount_amt) VALUES('AAOKCCDDXX','2022-01-11',23);
INSERT INTO Coupons(coupon_id,Expiry_date,Discount_amt) VALUES('AAQACCRAXX','2022-05-12',12);







